"Date","Price","Open","High","Low","Change %"
"12/20/2024","4.298","4.321","4.319","4.261","-0.46%"
"12/19/2024","4.318","4.352","4.357","4.285","-0.90%"
"12/18/2024","4.357","4.240","4.367","4.209","2.64%"
"12/17/2024","4.245","4.247","4.299","4.234","-0.15%"
"12/16/2024","4.251","4.234","4.257","4.222","0.20%"
"12/13/2024","4.243","4.193","4.251","4.182","1.09%"
"12/12/2024","4.197","4.153","4.201","4.132","1.00%"
"12/11/2024","4.155","4.147","4.195","4.101","0.25%"
"12/10/2024","4.145","4.122","4.170","4.114","0.45%"
"12/09/2024","4.127","4.098","4.133","4.097","0.75%"
"12/06/2024","4.096","4.150","4.227","4.077","-1.14%"
"12/05/2024","4.143","4.136","4.177","4.134","0.35%"
"12/04/2024","4.129","4.184","4.210","4.115","-1.24%"
"12/03/2024","4.181","4.180","4.194","4.144","-0.10%"
"12/02/2024","4.185","4.184","4.235","4.167","0.59%"
"11/29/2024","4.160","4.231","4.231","4.155","-1.63%"
"11/27/2024","4.229","4.256","4.256","4.194","-0.41%"
"11/26/2024","4.247","4.266","4.297","4.238","-0.56%"
"11/25/2024","4.271","4.343","4.365","4.264","-2.51%"
"11/22/2024","4.380","4.349","4.381","4.320","0.78%"
"11/21/2024","4.347","4.312","4.357","4.285","0.62%"
"11/20/2024","4.320","4.287","4.321","4.268","0.89%"
"11/19/2024","4.281","4.282","4.287","4.210","0.05%"
"11/18/2024","4.279","4.307","4.337","4.278","-0.63%"
"11/15/2024","4.306","4.355","4.379","4.269","-1.15%"
"11/14/2024","4.356","4.296","4.370","4.242","1.75%"
"11/13/2024","4.281","4.351","4.376","4.244","-1.40%"
"11/12/2024","4.342","4.290","4.367","4.275","2.18%"
"11/08/2024","4.250","4.210","4.269","4.168","1.33%"
"11/07/2024","4.194","4.274","4.282","4.191","-1.63%"
"11/06/2024","4.264","4.183","4.312","4.179","1.84%"
"11/05/2024","4.187","4.166","4.241","4.160","0.50%"
"11/04/2024","4.166","4.160","4.187","4.129","-1.03%"
"11/01/2024","4.209","4.176","4.247","4.065","0.99%"
"10/31/2024","4.168","4.179","4.218","4.148","-0.10%"
"10/30/2024","4.172","4.100","4.187","4.074","1.29%"
"10/29/2024","4.119","4.131","4.179","4.098","-0.56%"
"10/28/2024","4.142","4.128","4.161","4.097","1.07%"
"10/25/2024","4.098","4.074","4.115","4.036","0.79%"
"10/24/2024","4.066","4.089","4.089","4.034","-0.49%"
"10/23/2024","4.086","4.039","4.089","4.037","1.33%"
"10/22/2024","4.032","4.025","4.060","4.011","0.02%"
"10/21/2024","4.032","3.959","4.036","3.948","1.78%"
"10/20/2024","3.961","3.955","3.961","3.955","0.27%"
"10/18/2024","3.950","3.972","3.986","3.944","-0.65%"
"10/17/2024","3.976","3.940","4.014","3.938","0.87%"
"10/16/2024","3.942","3.947","3.956","3.919","-0.20%"
"10/15/2024","3.950","3.968","3.974","3.927","-0.52%"
"10/14/2024","3.970","3.966","3.970","3.966","0.42%"
"10/11/2024","3.953","3.957","3.991","3.932","-0.26%"
"10/10/2024","3.964","4.022","4.094","3.953","-1.44%"
"10/09/2024","4.022","3.964","4.028","3.941","1.49%"
"10/08/2024","3.962","3.976","3.998","3.941","-0.82%"
"10/07/2024","3.995","3.953","4.027","3.932","1.07%"
"10/06/2024","3.953","3.957","3.957","3.951","0.74%"
"10/04/2024","3.924","3.699","3.934","3.689","5.90%"
"10/03/2024","3.705","3.648","3.716","3.639","1.87%"
"10/02/2024","3.637","3.608","3.658","3.600","0.86%"
"10/01/2024","3.606","3.639","3.647","3.572","-1.06%"
"09/30/2024","3.645","3.567","3.672","3.559","2.12%"
"09/29/2024","3.569","3.567","3.571","3.567","0.34%"
"09/27/2024","3.557","3.625","3.643","3.557","-1.91%"
"09/26/2024","3.627","3.557","3.633","3.531","1.84%"
"09/25/2024","3.561","3.506","3.565","3.506","0.60%"
"09/24/2024","3.540","3.578","3.618","3.534","-1.30%"
"09/23/2024","3.587","3.601","3.625","3.563","-0.30%"
"09/22/2024","3.597","3.597","3.597","3.597","0.00%"
"09/20/2024","3.597","3.579","3.648","3.562","0.27%"
"09/19/2024","3.588","3.630","3.659","3.573","-1.10%"
"09/18/2024","3.628","3.603","3.722","3.540","0.57%"
"09/17/2024","3.607","3.557","3.617","3.542","1.46%"
"09/16/2024","3.555","3.588","3.588","3.528","-0.88%"
"09/15/2024","3.587","3.587","3.587","3.587","0.00%"
"09/13/2024","3.587","3.604","3.612","3.562","-1.67%"
"09/12/2024","3.648","3.646","3.702","3.614","-0.06%"
"09/11/2024","3.650","3.590","3.693","3.550","1.49%"
"09/10/2024","3.596","3.671","3.700","3.592","-2.03%"
"09/09/2024","3.671","3.661","3.710","3.656","0.33%"
"09/08/2024","3.659","3.654","3.659","3.654","0.11%"
"09/06/2024","3.654","3.746","3.841","3.595","-2.27%"
"09/05/2024","3.739","3.750","3.793","3.713","-0.71%"
"09/04/2024","3.766","3.871","3.873","3.756","-2.51%"
"09/03/2024","3.863","3.935","3.941","3.853","-1.78%"
"09/02/2024","3.933","3.929","3.933","3.929","0.37%"
"08/30/2024","3.919","3.900","3.935","3.896","0.53%"
"08/29/2024","3.898","3.861","3.908","3.853","0.80%"
"08/28/2024","3.867","3.863","3.877","3.849","-0.82%"
"08/27/2024","3.899","3.929","3.963","3.897","-0.98%"
"08/26/2024","3.938","3.901","3.940","3.877","0.74%"
"08/23/2024","3.909","3.997","4.021","3.903","-2.62%"
"08/22/2024","4.014","3.947","4.025","3.921","2.07%"
"08/21/2024","3.933","3.984","4.010","3.893","-1.54%"
"08/20/2024","3.994","4.062","4.074","3.988","-1.92%"
"08/19/2024","4.072","4.083","4.087","4.035","0.45%"
"08/16/2024","4.054","4.106","4.108","4.027","-1.21%"
"08/15/2024","4.103","3.962","4.118","3.947","3.62%"
"08/14/2024","3.960","3.938","4.081","3.918","0.62%"
"08/13/2024","3.936","4.013","4.031","3.934","-2.13%"
"08/12/2024","4.021","4.055","4.084","4.005","-0.88%"
"08/09/2024","4.057","4.032","4.063","4.003","0.53%"
"08/08/2024","4.036","3.941","4.083","3.917","1.34%"
"08/07/2024","3.983","3.969","4.043","3.957","-0.22%"
"08/06/2024","3.991","3.965","4.029","3.913","2.30%"
"08/05/2024","3.902","3.869","3.949","3.654","0.73%"
"08/02/2024","3.874","4.148","4.156","3.845","-6.80%"
"08/01/2024","4.156","4.278","4.299","4.140","-2.42%"
"07/31/2024","4.260","4.365","4.398","4.257","-2.32%"
"07/30/2024","4.361","4.404","4.410","4.348","-0.94%"
"07/29/2024","4.402","4.389","4.404","4.361","0.33%"
"07/26/2024","4.387","4.431","4.460","4.375","-1.07%"
"07/25/2024","4.435","4.420","4.451","4.340","0.05%"
"07/24/2024","4.433","4.455","4.462","4.377","-1.40%"
"07/23/2024","4.496","4.519","4.525","4.481","-0.57%"
"07/22/2024","4.521","4.504","4.543","4.498","0.09%"
"07/19/2024","4.517","4.463","4.517","4.456","1.03%"
"07/18/2024","4.471","4.440","4.478","4.431","0.75%"
"07/17/2024","4.438","4.428","4.478","4.427","0.37%"
"07/16/2024","4.421","4.449","4.474","4.409","-0.86%"
"07/15/2024","4.460","4.472","4.476","4.420","0.04%"
"07/12/2024","4.458","4.515","4.540","4.449","-1.27%"
"07/11/2024","4.515","4.622","4.643","4.488","-2.36%"
"07/10/2024","4.624","4.626","4.639","4.603","-0.05%"
"07/09/2024","4.626","4.628","4.654","4.618","-0.18%"
"07/08/2024","4.635","4.616","4.639","4.612","0.63%"
"07/05/2024","4.606","4.714","4.756","4.599","-2.35%"
"07/04/2024","4.716","4.720","4.720","4.716","0.18%"
"07/03/2024","4.708","4.741","4.779","4.670","-0.92%"
"07/02/2024","4.752","4.760","4.764","4.712","-0.17%"
"07/01/2024","4.760","4.749","4.795","4.729","0.22%"
"06/28/2024","4.749","4.714","4.758","4.664","0.79%"
"06/27/2024","4.712","4.751","4.764","4.700","-0.87%"
"06/26/2024","4.753","4.702","4.753","4.702","0.19%"
"06/25/2024","4.745","4.732","4.755","4.717","0.45%"
"06/24/2024","4.723","4.732","4.749","4.719","-0.23%"
"06/21/2024","4.734","4.746","4.748","4.696","-0.11%"
"06/20/2024","4.739","4.725","4.756","4.710","0.22%"
"06/19/2024","4.729","4.727","4.729","4.727","0.23%"
"06/18/2024","4.718","4.759","4.780","4.693","-1.03%"
"06/17/2024","4.768","4.721","4.770","4.704","1.30%"
"06/14/2024","4.707","4.705","4.728","4.656","0.07%"
"06/13/2024","4.703","4.743","4.771","4.665","-1.11%"
"06/12/2024","4.756","4.840","4.846","4.670","-1.61%"
"06/11/2024","4.834","4.880","4.883","4.826","-1.04%"
"06/10/2024","4.885","4.897","4.897","4.870","-0.09%"
"06/07/2024","4.889","4.730","4.891","4.728","3.44%"
"06/06/2024","4.726","4.733","4.753","4.716","0.04%"
"06/05/2024","4.724","4.773","4.795","4.722","-1.01%"
"06/04/2024","4.773","4.812","4.831","4.749","-0.82%"
"06/03/2024","4.812","4.873","4.887","4.812","-1.32%"
"05/31/2024","4.877","4.923","4.956","4.866","-1.02%"
"05/30/2024","4.927","4.981","4.985","4.921","-0.96%"
"05/29/2024","4.975","4.958","5.002","4.948","-0.08%"
"05/28/2024","4.978","4.935","4.981","4.903","0.88%"
"05/27/2024","4.935","4.938","4.938","4.935","-0.26%"
"05/24/2024","4.948","4.933","4.959","4.918","0.18%"
"05/23/2024","4.940","4.871","4.959","4.858","1.32%"
"05/22/2024","4.875","4.833","4.882","4.829","0.93%"
"05/21/2024","4.831","4.848","4.852","4.816","-0.44%"
"05/20/2024","4.852","4.820","4.852","4.812","0.53%"
"05/17/2024","4.827","4.787","4.831","4.774","0.65%"
"05/16/2024","4.795","4.724","4.800","4.705","1.47%"
"05/15/2024","4.726","4.823","4.825","4.711","-1.97%"
"05/14/2024","4.821","4.853","4.899","4.817","-0.96%"
"05/13/2024","4.868","4.861","4.868","4.825","-0.09%"
"05/10/2024","4.872","4.822","4.872","4.811","1.13%"
"05/09/2024","4.818","4.839","4.857","4.803","-0.48%"
"05/08/2024","4.841","4.830","4.847","4.822","0.21%"
"05/07/2024","4.830","4.837","4.839","4.801","-0.05%"
"05/06/2024","4.833","4.797","4.837","4.787","0.56%"
"05/03/2024","4.806","4.881","4.893","4.716","-1.54%"
"05/02/2024","4.881","4.966","4.975","4.875","-1.76%"
"05/01/2024","4.969","5.035","5.044","4.925","-1.36%"
"04/30/2024","5.037","4.973","5.045","4.966","1.17%"
"04/29/2024","4.979","4.996","4.997","4.968","-0.29%"
"04/26/2024","4.993","5.002","5.012","4.966","-0.12%"
"04/25/2024","5.000","4.927","5.027","4.896","1.39%"
"04/24/2024","4.931","4.912","4.952","4.908","-0.13%"
"04/23/2024","4.937","4.971","5.000","4.912","-0.73%"
"04/22/2024","4.973","4.992","5.009","4.952","-0.29%"
"04/19/2024","4.988","4.978","4.990","4.877","-0.05%"
"04/18/2024","4.990","4.934","4.995","4.911","1.14%"
"04/17/2024","4.934","4.989","5.001","4.915","-1.02%"
"04/16/2024","4.985","4.931","5.011","4.914","1.22%"
"04/15/2024","4.925","4.899","4.999","4.884","0.62%"
"04/12/2024","4.894","4.950","4.952","4.858","-1.17%"
"04/11/2024","4.952","4.965","5.012","4.918","-0.41%"
"04/10/2024","4.973","4.747","4.988","4.720","4.86%"
"04/09/2024","4.743","4.791","4.801","4.728","-1.05%"
"04/08/2024","4.793","4.757","4.795","4.755","0.89%"
"04/05/2024","4.751","4.647","4.755","4.639","2.26%"
"04/04/2024","4.645","4.668","4.700","4.635","-0.58%"
"04/03/2024","4.672","4.693","4.739","4.670","-0.44%"
"04/02/2024","4.693","4.695","4.733","4.687","-0.39%"
"04/01/2024","4.712","4.603","4.726","4.595","1.80%"
"03/28/2024","4.628","4.603","4.637","4.595","1.32%"
"03/27/2024","4.568","4.593","4.603","4.558","-0.54%"
"03/26/2024","4.593","4.587","4.618","4.572","-0.79%"
"03/25/2024","4.630","4.593","4.642","4.585","0.74%"
"03/22/2024","4.595","4.634","4.636","4.585","-1.02%"
"03/21/2024","4.643","4.594","4.647","4.558","0.83%"
"03/20/2024","4.604","4.687","4.692","4.600","-1.77%"
"03/19/2024","4.687","4.732","4.740","4.685","-1.03%"
"03/18/2024","4.736","4.734","4.751","4.708","0.09%"
"03/15/2024","4.732","4.696","4.738","4.681","0.82%"
"03/14/2024","4.694","4.637","4.700","4.622","1.32%"
"03/13/2024","4.632","4.586","4.639","4.582","1.05%"
"03/12/2024","4.584","4.532","4.616","4.515","1.02%"
"03/11/2024","4.538","4.490","4.544","4.473","1.35%"
"03/08/2024","4.478","4.508","4.563","4.409","-0.57%"
"03/07/2024","4.503","4.558","4.572","4.501","-1.28%"
"03/06/2024","4.562","4.556","4.570","4.510","0.00%"
"03/05/2024","4.562","4.608","4.612","4.527","-1.09%"
"03/04/2024","4.612","4.544","4.614","4.544","1.74%"
"03/01/2024","4.533","4.623","4.648","4.519","-1.94%"
"02/29/2024","4.623","4.648","4.704","4.606","-0.45%"
"02/28/2024","4.644","4.697","4.700","4.641","-1.06%"
"02/27/2024","4.693","4.704","4.720","4.668","-0.80%"
"02/26/2024","4.731","4.698","4.744","4.662","0.93%"
"02/23/2024","4.688","4.759","4.759","4.672","-0.56%"
"02/22/2024","4.714","4.668","4.727","4.645","0.97%"
"02/21/2024","4.668","4.614","4.675","4.583","1.17%"
"02/20/2024","4.614","4.650","4.661","4.572","-0.86%"
"02/19/2024","4.654","4.652","4.654","4.652","0.23%"
"02/16/2024","4.644","4.585","4.721","4.582","1.43%"
"02/15/2024","4.578","4.578","4.587","4.502","-0.09%"
"02/14/2024","4.582","4.664","4.668","4.552","-1.89%"
"02/13/2024","4.670","4.478","4.673","4.449","4.25%"
"02/12/2024","4.480","4.491","4.491","4.451","-0.14%"
"02/09/2024","4.486","4.452","4.499","4.423","0.58%"
"02/08/2024","4.460","4.424","4.462","4.412","0.76%"
"02/07/2024","4.427","4.406","4.433","4.362","0.62%"
"02/06/2024","4.399","4.457","4.479","4.383","-1.68%"
"02/05/2024","4.474","4.399","4.483","4.399","2.34%"
"02/02/2024","4.372","4.202","4.407","4.196","3.83%"
"02/01/2024","4.211","4.233","4.260","4.135","0.05%"
"01/31/2024","4.209","4.337","4.339","4.186","-2.99%"
"01/30/2024","4.339","4.328","4.388","4.295","0.38%"
"01/29/2024","4.322","4.349","4.353","4.304","-0.80%"
"01/26/2024","4.357","4.285","4.370","4.281","1.34%"
"01/25/2024","4.299","4.386","4.415","4.297","-1.93%"
"01/24/2024","4.384","4.339","4.388","4.287","0.27%"
"01/23/2024","4.372","4.393","4.419","4.370","-0.48%"
"01/22/2024","4.393","4.408","4.417","4.365","0.10%"
"01/19/2024","4.389","4.359","4.421","4.344","0.79%"
"01/18/2024","4.354","4.357","4.382","4.312","-0.14%"
"01/17/2024","4.361","4.228","4.376","4.203","3.30%"
"01/16/2024","4.222","4.190","4.262","4.161","0.80%"
"01/15/2024","4.188","4.190","4.190","4.186","1.01%"
"01/12/2024","4.146","4.245","4.287","4.119","-2.43%"
"01/11/2024","4.249","4.356","4.396","4.245","-2.54%"
"01/10/2024","4.360","4.352","4.379","4.329","-0.14%"
"01/09/2024","4.366","4.368","4.393","4.354","-0.19%"
"01/08/2024","4.375","4.398","4.406","4.302","-0.42%"
"01/05/2024","4.393","4.380","4.494","4.314","0.15%"
"01/04/2024","4.387","4.326","4.399","4.299","1.25%"
"01/03/2024","4.333","4.335","4.382","4.312","0.19%"
"01/02/2024","4.324","4.254","4.353","4.254","1.75%"
"01/01/2024","4.250","4.250","4.250","4.250","0.00%"
"12/29/2023","4.250","4.277","4.314","4.244","-0.68%"
"12/28/2023","4.279","4.250","4.293","4.248","0.92%"
"12/27/2023","4.240","4.308","4.310","4.231","-2.68%"
"12/26/2023","4.356","4.336","4.382","4.327","0.47%"
"12/25/2023","4.336","4.338","4.338","4.336","0.15%"
"12/22/2023","4.329","4.341","4.376","4.315","-0.51%"
"12/21/2023","4.352","4.348","4.387","4.299","0.27%"
"12/20/2023","4.340","4.437","4.442","4.331","-2.29%"
"12/19/2023","4.442","4.446","4.467","4.414","-0.20%"
"12/18/2023","4.451","4.447","4.465","4.409","0.03%"
"12/15/2023","4.449","4.394","4.487","4.359","1.43%"
"12/14/2023","4.386","4.420","4.424","4.282","-1.05%"
"12/13/2023","4.433","4.733","4.737","4.424","-6.38%"
"12/12/2023","4.735","4.716","4.750","4.638","0.53%"
"12/11/2023","4.710","4.735","4.775","4.710","-0.27%"
"12/08/2023","4.723","4.595","4.740","4.595","2.84%"
"12/07/2023","4.593","4.595","4.638","4.565","-0.10%"
"12/06/2023","4.597","4.581","4.624","4.574","0.45%"
"12/05/2023","4.577","4.639","4.646","4.560","-1.31%"
"12/04/2023","4.637","4.580","4.668","4.580","1.90%"
"12/01/2023","4.551","4.668","4.712","4.540","-3.07%"
"11/30/2023","4.695","4.652","4.734","4.618","1.06%"
"11/29/2023","4.646","4.728","4.736","4.608","-2.05%"
"11/28/2023","4.742","4.869","4.892","4.730","-3.02%"
"11/27/2023","4.890","4.963","4.985","4.884","-1.31%"
"11/24/2023","4.955","4.932","4.961","4.925","0.47%"
"11/23/2023","4.932","4.927","4.932","4.927","0.70%"
"11/22/2023","4.898","4.872","4.940","4.844","0.30%"
"11/21/2023","4.883","4.905","4.919","4.862","-0.74%"
"11/20/2023","4.919","4.896","4.928","4.881","0.52%"
"11/17/2023","4.894","4.833","4.917","4.796","0.90%"
"11/16/2023","4.850","4.905","4.910","4.819","-1.34%"
"11/15/2023","4.916","4.842","4.937","4.825","1.66%"
"11/14/2023","4.836","5.045","5.050","4.809","-3.91%"
"11/13/2023","5.033","5.062","5.081","5.024","-0.71%"
"11/10/2023","5.069","5.024","5.073","4.976","0.80%"
"11/09/2023","5.029","4.930","5.041","4.919","1.87%"
"11/08/2023","4.936","4.922","4.957","4.909","0.42%"
"11/07/2023","4.915","4.935","4.957","4.888","-0.51%"
"11/06/2023","4.941","4.855","4.945","4.851","1.98%"
"11/03/2023","4.845","4.994","5.006","4.807","-3.02%"
"11/02/2023","4.996","4.931","5.000","4.914","0.97%"
"11/01/2023","4.948","5.083","5.087","4.933","-2.66%"
"10/31/2023","5.083","5.048","5.091","5.012","0.66%"
"10/30/2023","5.050","5.033","5.071","5.021","0.70%"
"10/27/2023","5.015","5.048","5.062","5.000","-0.62%"
"10/26/2023","5.046","5.114","5.148","5.023","-1.54%"
"10/25/2023","5.125","5.062","5.131","5.054","0.34%"
"10/24/2023","5.108","5.062","5.133","5.052","1.19%"
"10/23/2023","5.047","5.097","5.135","5.043","-0.47%"
"10/20/2023","5.071","5.163","5.169","5.060","-1.74%"
"10/19/2023","5.161","5.229","5.259","5.152","-1.14%"
"10/18/2023","5.220","5.214","5.244","5.171","0.13%"
"10/17/2023","5.214","5.105","5.241","5.096","2.22%"
"10/16/2023","5.101","5.073","5.103","5.049","0.84%"
"10/13/2023","5.058","5.069","5.071","5.014","-0.25%"
"10/12/2023","5.071","4.986","5.086","4.978","1.69%"
"10/11/2023","4.986","4.972","5.024","4.951","0.38%"
"10/10/2023","4.968","4.932","5.020","4.926","0.76%"
"10/09/2023","4.930","4.934","4.934","4.930","-2.98%"
"10/06/2023","5.081","5.027","5.151","5.024","1.13%"
"10/05/2023","5.025","5.048","5.069","5.014","-0.58%"
"10/04/2023","5.054","5.146","5.180","5.041","-1.95%"
"10/03/2023","5.154","5.108","5.156","5.081","0.90%"
"10/02/2023","5.108","5.091","5.123","5.079","1.12%"
"09/29/2023","5.052","5.064","5.079","5.014","-0.25%"
"09/28/2023","5.064","5.129","5.161","5.056","-1.42%"
"09/27/2023","5.137","5.058","5.158","5.046","0.08%"
"09/26/2023","5.134","5.138","5.157","5.112","0.13%"
"09/25/2023","5.127","5.108","5.138","5.099","0.30%"
"09/22/2023","5.112","5.135","5.144","5.080","-0.62%"
"09/21/2023","5.144","5.180","5.202","5.122","-0.54%"
"09/20/2023","5.172","5.094","5.178","5.049","1.56%"
"09/19/2023","5.092","5.052","5.114","5.045","0.72%"
"09/18/2023","5.056","5.052","5.058","5.039","0.38%"
"09/15/2023","5.037","5.009","5.054","4.998","0.46%"
"09/14/2023","5.014","4.967","5.035","4.950","0.85%"
"09/13/2023","4.971","5.026","5.081","4.961","-0.97%"
"09/12/2023","5.020","4.997","5.026","4.984","0.50%"
"09/11/2023","4.995","5.003","5.008","4.978","0.13%"
"09/08/2023","4.989","4.955","4.995","4.918","0.71%"
"09/07/2023","4.953","5.023","5.035","4.941","-1.50%"
"09/06/2023","5.029","4.947","5.037","4.932","1.39%"
"09/05/2023","4.960","4.904","4.972","4.893","1.10%"
"09/04/2023","4.906","4.906","4.906","4.906","0.60%"
"09/01/2023","4.876","4.869","4.891","4.760","0.28%"
"08/31/2023","4.863","4.888","4.915","4.848","-0.39%"
"08/30/2023","4.882","4.909","4.931","4.836","-0.25%"
"08/29/2023","4.894","5.002","5.035","4.871","-3.13%"
"08/28/2023","5.052","5.097","5.106","5.039","-0.50%"
"08/25/2023","5.078","5.019","5.095","5.009","1.09%"
"08/24/2023","5.023","4.977","5.029","4.963","1.04%"
"08/23/2023","4.971","5.046","5.051","4.935","-1.53%"
"08/22/2023","5.048","5.013","5.052","4.984","0.82%"
"08/21/2023","5.007","4.949","5.007","4.936","1.30%"
"08/18/2023","4.943","4.929","4.951","4.898","0.14%"
"08/17/2023","4.936","4.967","5.004","4.927","-0.64%"
"08/16/2023","4.967","4.952","4.991","4.899","0.18%"
"08/15/2023","4.959","4.971","5.024","4.905","-0.30%"
"08/14/2023","4.973","4.910","4.975","4.886","1.65%"
"08/11/2023","4.892","4.852","4.912","4.802","0.87%"
"08/10/2023","4.850","4.812","4.852","4.730","0.83%"
"08/09/2023","4.810","4.743","4.816","4.737","1.06%"
"08/08/2023","4.760","4.770","4.785","4.718","-0.35%"
"08/07/2023","4.777","4.793","4.854","4.754","0.17%"
"08/04/2023","4.768","4.881","4.953","4.762","-2.35%"
"08/03/2023","4.883","4.881","4.925","4.866","-0.04%"
"08/02/2023","4.885","4.879","4.939","4.850","-0.42%"
"08/01/2023","4.906","4.879","4.918","4.854","0.43%"
"07/31/2023","4.885","4.885","4.916","4.843","0.00%"
"07/28/2023","4.885","4.937","4.949","4.843","-0.84%"
"07/27/2023","4.926","4.864","4.953","4.812","1.58%"
"07/26/2023","4.850","4.891","4.928","4.823","-0.60%"
"07/25/2023","4.879","4.862","4.910","4.839","-0.95%"
"07/24/2023","4.925","4.852","4.928","4.820","1.64%"
"07/21/2023","4.846","4.834","4.872","4.818","0.01%"
"07/20/2023","4.845","4.770","4.884","4.760","1.61%"
"07/19/2023","4.768","4.772","4.783","4.694","0.09%"
"07/18/2023","4.764","4.738","4.772","4.660","0.45%"
"07/17/2023","4.742","4.772","4.785","4.708","-0.53%"
"07/14/2023","4.768","4.654","4.776","4.622","2.92%"
"07/13/2023","4.632","4.738","4.740","4.607","-2.44%"
"07/12/2023","4.748","4.873","4.881","4.715","-2.85%"
"07/11/2023","4.887","4.866","4.902","4.826","0.48%"
"07/10/2023","4.864","4.938","4.957","4.853","-1.74%"
"07/07/2023","4.950","4.991","5.030","4.752","-0.78%"
"07/06/2023","4.989","4.947","5.120","4.940","0.86%"
"07/05/2023","4.947","4.900","4.957","4.882","0.95%"
"07/04/2023","4.900","4.909","4.909","4.900","-0.81%"
"07/03/2023","4.940","4.918","4.963","4.848","0.74%"
"06/30/2023","4.904","4.868","4.935","4.835","0.83%"
"06/29/2023","4.863","4.718","4.892","4.716","3.22%"
"06/28/2023","4.712","4.755","4.778","4.704","-1.09%"
"06/27/2023","4.764","4.675","4.772","4.652","0.42%"
"06/26/2023","4.744","4.730","4.761","4.696","-0.12%"
"06/23/2023","4.750","4.780","4.810","4.696","-0.86%"
"06/22/2023","4.791","4.717","4.808","4.692","1.51%"
"06/21/2023","4.720","4.693","4.752","4.681","0.74%"
"06/20/2023","4.685","4.759","4.761","4.661","-1.52%"
"06/19/2023","4.757","4.695","4.763","4.688","1.32%"
"06/18/2023","4.695","4.716","4.716","4.693","-0.54%"
"06/16/2023","4.720","4.648","4.780","4.644","1.51%"
"06/15/2023","4.650","4.694","4.788","4.627","-0.94%"
"06/14/2023","4.694","4.675","4.803","4.605","0.37%"
"06/13/2023","4.677","4.577","4.707","4.493","1.99%"
"06/12/2023","4.585","4.617","4.632","4.558","-0.22%"
"06/09/2023","4.596","4.517","4.615","4.513","1.74%"
"06/08/2023","4.517","4.542","4.592","4.473","-0.78%"
"06/07/2023","4.552","4.489","4.604","4.481","1.22%"
"06/06/2023","4.497","4.466","4.543","4.435","0.61%"
"06/05/2023","4.470","4.528","4.575","4.426","-0.92%"
"06/02/2023","4.511","4.347","4.528","4.331","3.88%"
"06/01/2023","4.343","4.394","4.463","4.316","-1.50%"
"05/31/2023","4.409","4.463","4.465","4.363","-1.15%"
"05/30/2023","4.460","4.599","4.603","4.444","-3.06%"
"05/29/2023","4.601","4.634","4.641","4.576","-0.71%"
"05/28/2023","4.634","4.606","4.655","4.606","1.44%"
"05/26/2023","4.568","4.541","4.639","4.481","0.69%"
"05/25/2023","4.537","4.378","4.539","4.367","3.64%"
"05/24/2023","4.378","4.277","4.392","4.248","1.33%"
"05/23/2023","4.320","4.322","4.408","4.311","0.01%"
"05/22/2023","4.320","4.249","4.345","4.222","0.96%"
"05/19/2023","4.279","4.256","4.349","4.196","0.43%"
"05/18/2023","4.260","4.152","4.281","4.131","2.40%"
"05/17/2023","4.160","4.088","4.177","4.055","1.86%"
"05/16/2023","4.084","4.010","4.120","3.962","1.84%"
"05/15/2023","4.010","3.993","4.031","3.964","0.48%"
"05/12/2023","3.991","3.889","4.008","3.874","2.36%"
"05/11/2023","3.899","3.918","3.941","3.810","-0.27%"
"05/10/2023","3.910","4.026","4.089","3.874","-2.89%"
"05/09/2023","4.026","4.001","4.070","3.966","0.63%"
"05/08/2023","4.001","3.935","4.016","3.918","2.12%"
"05/05/2023","3.918","3.790","3.947","3.790","3.43%"
"05/04/2023","3.788","3.805","3.943","3.657","-1.97%"
"05/03/2023","3.865","3.974","4.017","3.807","-3.20%"
"05/02/2023","3.992","4.135","4.153","3.928","-3.58%"
"05/01/2023","4.141","4.050","4.163","4.039","2.98%"
"04/28/2023","4.021","4.070","4.109","4.006","-1.47%"
"04/27/2023","4.081","3.945","4.111","3.926","3.34%"
"04/26/2023","3.949","3.932","3.998","3.869","0.02%"
"04/25/2023","3.948","4.082","4.101","3.904","-3.83%"
"04/24/2023","4.105","4.186","4.186","4.093","-1.78%"
"04/21/2023","4.180","4.149","4.203","4.094","0.69%"
"04/20/2023","4.151","4.252","4.256","4.142","-2.29%"
"04/19/2023","4.248","4.216","4.286","4.201","1.07%"
"04/18/2023","4.203","4.186","4.231","4.152","-0.04%"
"04/17/2023","4.205","4.126","4.207","4.099","2.58%"
"04/14/2023","4.099","3.970","4.137","3.943","3.29%"
"04/13/2023","3.968","3.956","3.996","3.893","0.00%"
"04/12/2023","3.968","4.027","4.075","3.876","-1.60%"
"04/11/2023","4.033","3.999","4.081","3.964","0.58%"
"04/10/2023","4.010","3.941","4.024","3.927","0.42%"
"04/07/2023","3.993","3.829","3.999","3.823","4.29%"
"04/06/2023","3.829","3.780","3.837","3.674","0.97%"
"04/05/2023","3.792","3.842","3.897","3.646","-0.76%"
"04/04/2023","3.821","3.968","4.034","3.819","-3.74%"
"04/03/2023","3.970","4.104","4.139","3.966","-1.68%"
"03/31/2023","4.038","4.107","4.172","4.023","-2.04%"
"03/30/2023","4.122","4.097","4.161","4.035","0.50%"
"03/29/2023","4.101","4.087","4.140","4.004","0.50%"
"03/28/2023","4.080","3.959","4.089","3.895","1.81%"
"03/27/2023","4.008","3.809","4.033","3.777","6.40%"
"03/24/2023","3.767","3.835","3.860","3.555","-1.51%"
"03/23/2023","3.825","3.956","4.009","3.758","-3.41%"
"03/22/2023","3.960","4.160","4.259","3.916","-5.25%"
"03/21/2023","4.179","3.980","4.188","3.923","5.38%"
"03/20/2023","3.966","3.963","4.029","3.635","3.12%"
"03/17/2023","3.846","4.155","4.256","3.804","-7.86%"
"03/16/2023","4.174","3.885","4.214","3.823","7.26%"
"03/15/2023","3.892","4.288","4.413","3.720","-8.35%"
"03/14/2023","4.246","4.030","4.399","3.830","5.74%"
"03/13/2023","4.016","4.515","4.536","3.939","-12.56%"
"03/10/2023","4.593","4.834","4.852","4.578","-5.70%"
"03/09/2023","4.870","5.057","5.064","4.868","-3.95%"
"03/08/2023","5.070","5.036","5.084","4.971","1.10%"
"03/07/2023","5.015","4.897","5.021","4.851","2.63%"
"03/06/2023","4.886","4.871","4.901","4.823","0.52%"
"03/03/2023","4.861","4.898","4.915","4.835","-0.58%"
"03/02/2023","4.889","4.885","4.944","4.874","0.22%"
"03/01/2023","4.878","4.834","4.904","4.818","1.26%"
"02/28/2023","4.818","4.789","4.834","4.787","0.74%"
"02/27/2023","4.782","4.805","4.857","4.772","-0.65%"
"02/24/2023","4.814","4.704","4.840","4.677","2.34%"
"02/23/2023","4.704","4.693","4.728","4.679","0.13%"
"02/22/2023","4.697","4.714","4.714","4.654","-0.67%"
"02/21/2023","4.729","4.666","4.738","4.645","1.39%"
"02/20/2023","4.664","4.658","4.668","4.658","1.02%"
"02/17/2023","4.617","4.646","4.718","4.615","-0.59%"
"02/16/2023","4.644","4.635","4.687","4.581","0.24%"
"02/15/2023","4.633","4.620","4.703","4.590","0.24%"
"02/14/2023","4.622","4.524","4.643","4.425","2.21%"
"02/13/2023","4.522","4.513","4.560","4.504","-0.08%"
"02/10/2023","4.525","4.495","4.534","4.475","0.92%"
"02/09/2023","4.484","4.438","4.514","4.409","1.24%"
"02/08/2023","4.429","4.462","4.482","4.415","-0.84%"
"02/07/2023","4.466","4.477","4.483","4.385","-0.18%"
"02/06/2023","4.474","4.349","4.493","4.334","4.38%"
"02/03/2023","4.286","4.098","4.318","4.069","4.55%"
"02/02/2023","4.100","4.104","4.121","4.036","0.00%"
"02/01/2023","4.100","4.209","4.265","4.084","-2.50%"
"01/31/2023","4.205","4.244","4.251","4.179","-0.83%"
"01/30/2023","4.240","4.214","4.271","4.197","0.93%"
"01/27/2023","4.201","4.187","4.230","4.181","0.29%"
"01/26/2023","4.189","4.125","4.222","4.123","1.35%"
"01/25/2023","4.133","4.150","4.170","4.111","-1.83%"
"01/24/2023","4.210","4.225","4.255","4.195","-0.50%"
"01/23/2023","4.232","4.183","4.242","4.159","1.32%"
"01/20/2023","4.177","4.131","4.202","4.126","1.17%"
"01/19/2023","4.128","4.085","4.143","4.041","1.07%"
"01/18/2023","4.085","4.201","4.217","4.072","-2.86%"
"01/17/2023","4.205","4.241","4.266","4.177","-0.85%"
"01/16/2023","4.241","4.236","4.241","4.236","0.40%"
"01/13/2023","4.224","4.136","4.243","4.110","1.91%"
"01/12/2023","4.145","4.228","4.329","4.109","-1.78%"
"01/11/2023","4.220","4.249","4.268","4.207","-0.64%"
"01/10/2023","4.247","4.212","4.283","4.199","0.94%"
"01/09/2023","4.208","4.279","4.293","4.185","-1.18%"
"01/06/2023","4.258","4.462","4.519","4.245","-4.61%"
"01/05/2023","4.464","4.370","4.497","4.366","2.49%"
"01/04/2023","4.356","4.382","4.393","4.318","-0.57%"
"01/03/2023","4.380","4.461","4.461","4.343","-1.03%"
"01/02/2023","4.426","4.426","4.426","4.426","-0.05%"
"12/30/2022","4.428","4.376","4.447","4.370","1.43%"
"12/29/2022","4.366","4.351","4.386","4.339","0.19%"
"12/28/2022","4.357","4.332","4.366","4.328","-0.58%"
"12/27/2022","4.383","4.334","4.445","4.330","1.18%"
"12/26/2022","4.332","4.327","4.332","4.327","0.10%"
"12/23/2022","4.327","4.280","4.330","4.259","1.11%"
"12/22/2022","4.280","4.219","4.282","4.191","1.34%"
"12/21/2022","4.223","4.262","4.281","4.198","-1.00%"
"12/20/2022","4.266","4.260","4.314","4.245","0.04%"
"12/19/2022","4.264","4.214","4.268","4.169","1.95%"
"12/16/2022","4.182","4.247","4.300","4.155","-1.37%"
"12/15/2022","4.240","4.235","4.278","4.196","0.58%"
"12/14/2022","4.216","4.222","4.316","4.161","0.04%"
"12/13/2022","4.214","4.382","4.444","4.139","-3.83%"
"12/12/2022","4.382","4.363","4.409","4.319","0.91%"
"12/09/2022","4.342","4.318","4.355","4.253","0.66%"
"12/08/2022","4.314","4.273","4.326","4.268","1.16%"
"12/07/2022","4.264","4.373","4.381","4.235","-2.34%"
"12/06/2022","4.366","4.394","4.412","4.339","-0.67%"
"12/05/2022","4.396","4.311","4.416","4.292","2.60%"
"12/02/2022","4.284","4.242","4.410","4.181","1.14%"
"12/01/2022","4.236","4.325","4.368","4.230","-2.15%"
"11/30/2022","4.329","4.481","4.549","4.312","-3.41%"
"11/29/2022","4.481","4.448","4.490","4.409","0.83%"
"11/28/2022","4.444","4.465","4.486","4.424","-0.51%"
"11/25/2022","4.467","4.442","4.523","4.424","0.60%"
"11/24/2022","4.440","4.438","4.444","4.438","-0.74%"
"11/23/2022","4.473","4.516","4.568","4.469","-1.09%"
"11/22/2022","4.523","4.533","4.548","4.490","-0.88%"
"11/21/2022","4.563","4.524","4.567","4.495","0.71%"
"11/18/2022","4.531","4.465","4.539","4.444","1.58%"
"11/17/2022","4.460","4.363","4.486","4.348","2.18%"
"11/16/2022","4.365","4.336","4.401","4.319","0.48%"
"11/15/2022","4.345","4.401","4.408","4.321","-1.25%"
"11/14/2022","4.399","4.410","4.439","4.372","1.60%"
"11/10/2022","4.330","4.580","4.631","4.290","-5.49%"
"11/09/2022","4.582","4.663","4.697","4.565","-1.62%"
"11/08/2022","4.657","4.734","4.741","4.651","-1.50%"
"11/07/2022","4.728","4.675","4.732","4.673","1.49%"
"11/04/2022","4.658","4.731","4.883","4.644","-1.26%"
"11/03/2022","4.718","4.630","4.745","4.630","2.31%"
"11/02/2022","4.611","4.543","4.634","4.439","1.33%"
"11/01/2022","4.551","4.491","4.559","4.404","1.44%"
"10/31/2022","4.486","4.443","4.522","4.439","1.64%"
"10/28/2022","4.414","4.286","4.433","4.266","3.08%"
"10/27/2022","4.282","4.424","4.464","4.270","-3.08%"
"10/26/2022","4.418","4.455","4.476","4.383","-1.22%"
"10/25/2022","4.473","4.496","4.507","4.396","-0.80%"
"10/24/2022","4.509","4.464","4.528","4.408","0.58%"
"10/21/2022","4.483","4.608","4.639","4.451","-2.80%"
"10/20/2022","4.612","4.569","4.623","4.552","1.13%"
"10/19/2022","4.561","4.439","4.565","4.435","2.93%"
"10/18/2022","4.431","4.443","4.471","4.403","-0.42%"
"10/17/2022","4.450","4.483","4.492","4.401","-1.03%"
"10/14/2022","4.496","4.487","4.517","4.397","0.68%"
"10/13/2022","4.466","4.299","4.535","4.260","3.96%"
"10/12/2022","4.295","4.314","4.335","4.262","-0.44%"
"10/11/2022","4.314","4.314","4.354","4.264","0.00%"
"10/10/2022","4.314","4.308","4.314","4.308","0.05%"
"10/07/2022","4.312","4.268","4.350","4.256","1.32%"
"10/06/2022","4.256","4.148","4.262","4.131","2.65%"
"10/05/2022","4.146","4.088","4.204","4.074","1.21%"
"10/04/2022","4.097","4.087","4.115","3.996","-0.41%"
"10/03/2022","4.113","4.235","4.240","4.031","-3.73%"
"09/30/2022","4.273","4.203","4.287","4.134","1.91%"
"09/29/2022","4.192","4.149","4.240","4.129","1.59%"
"09/28/2022","4.127","4.277","4.316","4.080","-3.74%"
"09/27/2022","4.287","4.330","4.337","4.203","-1.33%"
"09/26/2022","4.345","4.251","4.360","4.211","3.37%"
"09/23/2022","4.203","4.132","4.270","4.113","2.07%"
"09/22/2022","4.118","4.078","4.163","4.052","1.45%"
"09/21/2022","4.059","3.960","4.123","3.912","2.23%"
"09/20/2022","3.971","3.948","3.992","3.931","0.62%"
"09/19/2022","3.946","3.862","3.970","3.862","1.94%"
"09/16/2022","3.871","3.869","3.924","3.846","0.23%"
"09/15/2022","3.862","3.799","3.879","3.780","1.96%"
"09/14/2022","3.788","3.769","3.834","3.736","1.14%"
"09/13/2022","3.746","3.559","3.794","3.505","4.75%"
"09/12/2022","3.576","3.563","3.586","3.515","0.36%"
"09/09/2022","3.563","3.516","3.575","3.459","1.45%"
"09/08/2022","3.512","3.439","3.514","3.404","2.11%"
"09/07/2022","3.439","3.511","3.522","3.431","-1.94%"
"09/06/2022","3.507","3.437","3.515","3.424","2.11%"
"09/05/2022","3.435","3.441","3.441","3.435","1.15%"
"09/02/2022","3.395","3.514","3.520","3.387","-3.48%"
"09/01/2022","3.518","3.499","3.551","3.469","0.65%"
"08/31/2022","3.495","3.448","3.503","3.425","1.07%"
"08/30/2022","3.458","3.415","3.497","3.395","0.77%"
"08/29/2022","3.431","3.435","3.489","3.399","1.45%"
"08/26/2022","3.382","3.376","3.450","3.342","0.24%"
"08/25/2022","3.374","3.397","3.403","3.348","-0.84%"
"08/24/2022","3.403","3.325","3.407","3.280","3.06%"
"08/23/2022","3.302","3.312","3.350","3.232","-0.43%"
"08/22/2022","3.316","3.261","3.348","3.247","2.41%"
"08/19/2022","3.238","3.202","3.295","3.202","0.94%"
"08/18/2022","3.208","3.289","3.329","3.200","-2.35%"
"08/17/2022","3.285","3.272","3.375","3.258","0.52%"
"08/16/2022","3.268","3.180","3.274","3.170","2.29%"
"08/15/2022","3.195","3.257","3.278","3.176","-1.72%"
"08/12/2022","3.250","3.229","3.267","3.171","0.73%"
"08/11/2022","3.227","3.216","3.243","3.132","0.20%"
"08/10/2022","3.220","3.272","3.297","3.078","-1.45%"
"08/09/2022","3.268","3.205","3.288","3.187","1.81%"
"08/08/2022","3.209","3.250","3.269","3.191","-0.63%"
"08/05/2022","3.230","3.034","3.331","3.033","5.94%"
"08/04/2022","3.049","3.086","3.122","3.010","-0.66%"
"08/03/2022","3.069","3.061","3.200","3.012","0.20%"
"08/02/2022","3.063","2.874","3.086","2.819","6.12%"
"08/01/2022","2.886","2.917","2.935","2.874","-0.15%"
"07/29/2022","2.891","2.878","2.959","2.826","0.77%"
"07/28/2022","2.868","2.986","3.022","2.816","-3.87%"
"07/27/2022","2.984","3.055","3.108","2.961","-2.46%"
"07/26/2022","3.059","3.016","3.065","2.978","1.35%"
"07/25/2022","3.018","3.010","3.041","2.980","1.55%"
"07/22/2022","2.972","3.106","3.144","2.905","-3.99%"
"07/21/2022","3.095","3.231","3.276","3.081","-4.33%"
"07/20/2022","3.236","3.244","3.257","3.162","-0.19%"
"07/19/2022","3.242","3.177","3.246","3.137","2.25%"
"07/18/2022","3.170","3.124","3.193","3.112","1.27%"
"07/15/2022","3.131","3.132","3.187","3.058","0.08%"
"07/14/2022","3.128","3.175","3.269","3.109","-0.65%"
"07/13/2022","3.148","3.051","3.215","3.029","3.19%"
"07/12/2022","3.051","3.068","3.070","2.981","-0.60%"
"07/11/2022","3.070","3.125","3.132","3.012","-1.13%"
"07/08/2022","3.105","3.024","3.148","2.992","2.66%"
"07/07/2022","3.024","3.000","3.061","2.957","0.96%"
"07/06/2022","2.996","2.837","3.006","2.761","6.14%"
"07/05/2022","2.822","2.910","2.965","2.776","-3.01%"
"07/04/2022","2.910","2.916","2.924","2.910","2.51%"
"07/01/2022","2.839","2.984","2.986","2.729","-3.94%"
"06/30/2022","2.955","3.030","3.055","2.921","-2.87%"
"06/29/2022","3.043","3.112","3.138","3.040","-2.22%"
"06/28/2022","3.112","3.116","3.154","3.081","-0.65%"
"06/27/2022","3.132","3.072","3.155","3.055","2.24%"
"06/24/2022","3.063","3.017","3.091","2.951","1.69%"
"06/23/2022","3.012","3.054","3.099","2.876","-1.63%"
"06/22/2022","3.062","3.207","3.215","3.037","-4.13%"
"06/21/2022","3.194","3.246","3.257","3.175","-1.60%"
"06/20/2022","3.246","3.244","3.246","3.244","2.39%"
"06/17/2022","3.170","3.141","3.219","3.084","2.27%"
"06/16/2022","3.100","3.207","3.398","3.085","-3.43%"
"06/15/2022","3.210","3.401","3.441","3.193","-6.68%"
"06/14/2022","3.439","3.386","3.456","3.230","2.16%"
"06/13/2022","3.367","3.146","3.417","3.121","9.76%"
"06/10/2022","3.067","2.828","3.072","2.819","8.95%"
"06/09/2022","2.815","2.788","2.842","2.768","1.35%"
"06/08/2022","2.778","2.741","2.782","2.735","1.59%"
"06/07/2022","2.735","2.740","2.759","2.696","0.08%"
"06/06/2022","2.732","2.657","2.736","2.655","2.85%"
"06/03/2022","2.657","2.644","2.689","2.632","0.95%"
"06/02/2022","2.632","2.650","2.668","2.625","-0.61%"
"06/01/2022","2.648","2.575","2.676","2.561","3.32%"
"05/31/2022","2.563","2.566","2.589","2.524","-0.31%"
"05/30/2022","2.571","2.573","2.573","2.569","3.49%"
"05/27/2022","2.484","2.484","2.500","2.450","0.25%"
"05/26/2022","2.478","2.502","2.524","2.438","-0.97%"
"05/25/2022","2.502","2.514","2.538","2.468","0.86%"
"05/24/2022","2.481","2.618","2.631","2.464","-5.63%"
"05/23/2022","2.629","2.612","2.645","2.589","1.62%"
"05/20/2022","2.587","2.624","2.651","2.556","-0.94%"
"05/19/2022","2.612","2.659","2.686","2.580","-2.09%"
"05/18/2022","2.667","2.696","2.734","2.649","-1.60%"
"05/17/2022","2.711","2.578","2.715","2.568","5.31%"
"05/16/2022","2.574","2.603","2.619","2.543","-0.56%"
"05/13/2022","2.588","2.592","2.636","2.561","0.33%"
"05/12/2022","2.580","2.656","2.672","2.514","-2.56%"
"05/11/2022","2.647","2.614","2.858","2.573","1.58%"
"05/10/2022","2.606","2.608","2.643","2.553","0.32%"
"05/09/2022","2.598","2.743","2.757","2.575","-5.01%"
"05/06/2022","2.735","2.732","2.761","2.645","0.86%"
"05/05/2022","2.712","2.650","2.740","2.636","2.16%"
"05/04/2022","2.654","2.789","2.844","2.603","-4.67%"
"05/03/2022","2.784","2.731","2.786","2.701","1.95%"
"05/02/2022","2.731","2.745","2.751","2.691","0.00%"
"04/29/2022","2.731","2.613","2.757","2.613","3.86%"
"04/28/2022","2.629","2.591","2.680","2.553","1.48%"
"04/27/2022","2.591","2.538","2.609","2.506","4.41%"
"04/26/2022","2.481","2.624","2.672","2.481","-5.57%"
"04/25/2022","2.628","2.665","2.674","2.525","-1.86%"
"04/22/2022","2.678","2.722","2.789","2.671","0.14%"
"04/21/2022","2.674","2.577","2.730","2.575","3.83%"
"04/20/2022","2.575","2.610","2.629","2.546","-0.86%"
"04/19/2022","2.598","2.448","2.612","2.431","6.21%"
"04/18/2022","2.446","2.483","2.514","2.438","-0.41%"
"04/14/2022","2.456","2.371","2.479","2.301","3.87%"
"04/13/2022","2.365","2.401","2.447","2.274","-1.70%"
"04/12/2022","2.405","2.520","2.557","2.368","-3.77%"
"04/11/2022","2.500","2.542","2.594","2.483","-0.64%"
"04/08/2022","2.516","2.470","2.549","2.451","1.94%"
"04/07/2022","2.468","2.459","2.474","2.408","-0.64%"
"04/06/2022","2.484","2.538","2.602","2.447","-1.60%"
"04/05/2022","2.524","2.414","2.532","2.402","4.38%"
"04/04/2022","2.418","2.493","2.495","2.406","-1.80%"
"04/01/2022","2.463","2.343","2.471","2.343","5.48%"
"03/31/2022","2.335","2.298","2.339","2.268","0.96%"
"03/30/2022","2.312","2.365","2.377","2.294","-2.55%"
"03/29/2022","2.373","2.361","2.453","2.330","1.57%"
"03/28/2022","2.336","2.280","2.414","2.274","2.27%"
"03/25/2022","2.284","2.155","2.331","2.135","7.01%"
"03/24/2022","2.135","2.117","2.170","2.106","1.73%"
"03/23/2022","2.098","2.174","2.197","2.096","-3.14%"
"03/22/2022","2.166","2.122","2.202","2.122","2.30%"
"03/21/2022","2.117","1.960","2.136","1.960","9.02%"
"03/18/2022","1.942","1.916","1.969","1.893","1.38%"
"03/17/2022","1.916","1.940","1.965","1.889","-1.66%"
"03/16/2022","1.948","1.859","2.002","1.833","5.25%"
"03/15/2022","1.851","1.861","1.894","1.788","-0.75%"
"03/14/2022","1.865","1.787","1.867","1.779","6.82%"
"03/11/2022","1.746","1.706","1.762","1.672","2.56%"
"03/10/2022","1.702","1.682","1.735","1.650","1.59%"
"03/09/2022","1.676","1.615","1.688","1.593","4.68%"
"03/08/2022","1.601","1.554","1.641","1.552","2.86%"
"03/07/2022","1.556","1.426","1.564","1.422","4.46%"
"03/04/2022","1.490","1.552","1.554","1.412","-2.37%"
"03/03/2022","1.526","1.472","1.560","1.462","0.80%"
"03/02/2022","1.514","1.367","1.534","1.275","13.60%"
"03/01/2022","1.333","1.456","1.480","1.261","-7.21%"
"02/28/2022","1.436","1.488","1.512","1.414","-8.50%"
"02/25/2022","1.570","1.570","1.626","1.554","-0.51%"
"02/24/2022","1.578","1.580","1.590","1.460","-1.74%"
"02/23/2022","1.606","1.643","1.643","1.568","2.82%"
"02/22/2022","1.561","1.436","1.566","1.429","8.70%"
"02/21/2022","1.436","1.432","1.436","1.432","-2.25%"
"02/18/2022","1.470","1.454","1.507","1.438","-0.05%"
"02/17/2022","1.470","1.510","1.526","1.465","-3.71%"
"02/16/2022","1.527","1.573","1.597","1.496","-3.20%"
"02/15/2022","1.577","1.579","1.612","1.553","0.46%"
"02/14/2022","1.570","1.520","1.620","1.503","5.56%"
"02/11/2022","1.487","1.581","1.631","1.467","-7.56%"
"02/10/2022","1.609","1.364","1.640","1.339","17.77%"
"02/09/2022","1.366","1.344","1.372","1.316","1.55%"
"02/08/2022","1.345","1.298","1.347","1.298","3.95%"
"02/07/2022","1.294","1.322","1.330","1.288","-1.64%"
"02/04/2022","1.316","1.206","1.328","1.203","9.49%"
"02/03/2022","1.202","1.135","1.214","1.132","4.56%"
"02/02/2022","1.150","1.167","1.178","1.138","-1.68%"
"02/01/2022","1.169","1.185","1.211","1.137","-1.31%"
"01/31/2022","1.185","1.198","1.217","1.159","1.05%"
"01/28/2022","1.172","1.190","1.228","1.158","-1.34%"
"01/27/2022","1.188","1.164","1.208","1.156","2.75%"
"01/26/2022","1.156","1.027","1.164","1.012","12.57%"
"01/25/2022","1.027","1.010","1.039","0.986","5.80%"
"01/24/2022","0.971","1.024","1.040","0.938","-4.41%"
"01/21/2022","1.016","1.023","1.036","0.989","-1.08%"
"01/20/2022","1.027","1.063","1.070","1.023","-2.29%"
"01/19/2022","1.051","1.046","1.076","1.002","0.43%"
"01/18/2022","1.046","1.003","1.058","1.002","4.30%"
"01/17/2022","1.003","1.008","1.008","1.003","3.56%"
"01/14/2022","0.969","0.911","0.973","0.904","8.27%"
"01/13/2022","0.895","0.921","0.929","0.889","-3.03%"
"01/12/2022","0.923","0.891","0.925","0.881","3.87%"
"01/11/2022","0.888","0.904","0.945","0.885","-1.10%"
"01/10/2022","0.898","0.872","0.910","0.864","3.25%"
"01/07/2022","0.870","0.866","0.908","0.860","-0.40%"
"01/06/2022","0.874","0.826","0.886","0.820","5.30%"
"01/05/2022","0.830","0.764","0.834","0.756","9.17%"
"01/04/2022","0.760","0.770","0.800","0.752","-2.05%"
"01/03/2022","0.776","0.766","0.804","0.758","5.68%"
"12/31/2021","0.734","0.730","0.744","0.720","0.52%"
"12/30/2021","0.730","0.752","0.754","0.726","-2.89%"
"12/29/2021","0.752","0.748","0.764","0.736","-0.52%"
"12/28/2021","0.756","0.758","0.758","0.740","7.25%"
"12/27/2021","0.705","0.690","0.721","0.690","1.94%"
"12/23/2021","0.691","0.669","0.693","0.663","4.02%"
"12/22/2021","0.665","0.654","0.683","0.654","-0.57%"
"12/21/2021","0.669","0.632","0.679","0.624","5.14%"
"12/20/2021","0.636","0.623","0.638","0.587","-0.59%"
"12/17/2021","0.640","0.629","0.660","0.603","3.68%"
"12/16/2021","0.617","0.675","0.685","0.615","-7.25%"
"12/15/2021","0.665","0.659","0.722","0.649","1.26%"
"12/14/2021","0.657","0.645","0.667","0.639","3.86%"
"12/13/2021","0.632","0.666","0.677","0.632","-3.36%"
"12/10/2021","0.654","0.698","0.731","0.636","-5.39%"
"12/09/2021","0.692","0.683","0.697","0.670","0.90%"
"12/08/2021","0.686","0.689","0.714","0.668","-1.11%"
"12/07/2021","0.693","0.627","0.695","0.625","9.82%"
"12/06/2021","0.631","0.613","0.637","0.603","6.41%"
"12/03/2021","0.593","0.607","0.655","0.585","-3.48%"
"12/02/2021","0.615","0.567","0.630","0.565","11.48%"
"12/01/2021","0.551","0.599","0.622","0.547","-2.77%"
"11/30/2021","0.567","0.504","0.573","0.441","14.29%"
"11/29/2021","0.496","0.537","0.559","0.486","-2.30%"
"11/26/2021","0.508","0.618","0.620","0.488","-17.85%"
"11/25/2021","0.618","0.622","0.626","0.618","-3.98%"
"11/24/2021","0.644","0.612","0.656","0.587","4.80%"
"11/23/2021","0.614","0.632","0.687","0.606","3.68%"
"11/22/2021","0.592","0.525","0.594","0.519","15.52%"
"11/19/2021","0.513","0.504","0.517","0.446","2.13%"
"11/18/2021","0.502","0.504","0.512","0.490","0.84%"
"11/17/2021","0.498","0.528","0.532","0.496","-4.62%"
"11/16/2021","0.522","0.522","0.542","0.506","0.44%"
"11/15/2021","0.520","0.524","0.542","0.501","0.43%"
"11/12/2021","0.517","0.541","0.546","0.503","-4.33%"
"11/11/2021","0.541","0.545","0.545","0.541","4.24%"
"11/10/2021","0.519","0.425","0.523","0.425","22.76%"
"11/09/2021","0.423","0.445","0.449","0.407","-5.35%"
"11/08/2021","0.447","0.405","0.452","0.405","10.33%"
"11/05/2021","0.405","0.434","0.458","0.389","-5.07%"
"11/04/2021","0.426","0.468","0.478","0.391","-10.36%"
"11/03/2021","0.476","0.456","0.513","0.444","6.18%"
"11/02/2021","0.448","0.509","0.513","0.444","-10.60%"
"11/01/2021","0.501","0.525","0.527","0.497","0.00%"
"10/29/2021","0.501","0.469","0.554","0.468","2.43%"
"10/28/2021","0.489","0.503","0.564","0.469","-2.74%"
"10/27/2021","0.503","0.479","0.529","0.471","12.30%"
"10/26/2021","0.448","0.439","0.460","0.436","2.87%"
"10/25/2021","0.435","0.460","0.464","0.425","-5.27%"
"10/22/2021","0.460","0.454","0.492","0.441","1.55%"
"10/21/2021","0.452","0.393","0.456","0.389","16.80%"
"10/20/2021","0.387","0.405","0.415","0.373","-3.00%"
"10/19/2021","0.399","0.421","0.421","0.389","-5.20%"
"10/18/2021","0.421","0.413","0.448","0.405","6.69%"
"10/15/2021","0.395","0.364","0.403","0.359","8.43%"
"10/14/2021","0.364","0.364","0.368","0.342","1.17%"
"10/13/2021","0.360","0.340","0.394","0.338","5.29%"
"10/12/2021","0.342","0.356","0.360","0.336","-3.34%"
"10/11/2021","0.354","0.354","0.354","0.354","10.60%"
"10/08/2021","0.320","0.312","0.324","0.296","3.33%"
"10/07/2021","0.310","0.298","0.310","0.296","4.03%"
"10/06/2021","0.298","0.287","0.301","0.287","4.17%"
"10/05/2021","0.286","0.280","0.289","0.278","2.15%"
"10/04/2021","0.280","0.262","0.283","0.260","5.23%"
"10/01/2021","0.266","0.279","0.283","0.264","-5.58%"
"09/30/2021","0.281","0.293","0.301","0.278","-3.99%"
"09/29/2021","0.293","0.307","0.309","0.291","-3.87%"
"09/28/2021","0.305","0.309","0.321","0.301","8.93%"
"09/27/2021","0.280","0.276","0.290","0.268","3.09%"
"09/24/2021","0.271","0.265","0.276","0.253","4.10%"
"09/23/2021","0.261","0.241","0.263","0.241","8.53%"
"09/22/2021","0.240","0.218","0.246","0.216","10.28%"
"09/21/2021","0.218","0.216","0.222","0.208","0.97%"
"09/20/2021","0.216","0.226","0.234","0.214","-4.39%"
"09/17/2021","0.226","0.221","0.232","0.219","1.99%"
"09/16/2021","0.221","0.213","0.223","0.211","3.85%"
"09/15/2021","0.213","0.211","0.215","0.207","1.96%"
"09/14/2021","0.209","0.215","0.221","0.203","-1.83%"
"09/13/2021","0.213","0.219","0.223","0.211","-0.84%"
"09/10/2021","0.215","0.214","0.223","0.212","0.00%"
"09/09/2021","0.214","0.216","0.222","0.212","-1.74%"
"09/08/2021","0.218","0.222","0.222","0.214","-1.71%"
"09/07/2021","0.222","0.204","0.222","0.204","8.77%"
"09/06/2021","0.204","0.204","0.204","0.204","-1.92%"
"09/03/2021","0.208","0.208","0.212","0.196","-0.72%"
"09/02/2021","0.210","0.213","0.213","0.206","-0.85%"
"09/01/2021","0.211","0.213","0.217","0.204","0.00%"
"08/31/2021","0.211","0.201","0.211","0.197","3.94%"
"08/30/2021","0.203","0.217","0.219","0.201","-7.17%"
"08/27/2021","0.219","0.243","0.247","0.215","-9.73%"
"08/26/2021","0.243","0.243","0.248","0.233","0.83%"
"08/25/2021","0.241","0.248","0.250","0.241","7.27%"
"08/24/2021","0.224","0.228","0.236","0.224","-0.84%"
"08/23/2021","0.226","0.228","0.236","0.224","0.00%"
"08/20/2021","0.226","0.220","0.228","0.214","2.03%"
"08/19/2021","0.222","0.220","0.224","0.204","1.89%"
"08/18/2021","0.218","0.215","0.234","0.211","0.00%"
"08/17/2021","0.217","0.209","0.217","0.199","1.92%"
"08/16/2021","0.213","0.209","0.213","0.197","1.96%"
"08/13/2021","0.209","0.227","0.229","0.209","-6.94%"
"08/12/2021","0.225","0.221","0.229","0.217","1.86%"
"08/11/2021","0.221","0.242","0.247","0.215","-7.47%"
"08/10/2021","0.238","0.222","0.240","0.218","7.24%"
"08/09/2021","0.222","0.208","0.222","0.198","4.76%"
"08/06/2021","0.212","0.202","0.226","0.202","5.05%"
"08/05/2021","0.202","0.184","0.208","0.182","10.87%"
"08/04/2021","0.182","0.174","0.194","0.161","5.81%"
"08/03/2021","0.172","0.178","0.182","0.168","-1.15%"
"08/02/2021","0.174","0.184","0.186","0.170","-7.24%"
"07/30/2021","0.188","0.206","0.206","0.188","-7.71%"
"07/29/2021","0.204","0.201","0.217","0.200","0.00%"
"07/28/2021","0.204","0.207","0.229","0.200","-1.93%"
"07/27/2021","0.207","0.213","0.215","0.200","5.81%"
"07/26/2021","0.196","0.200","0.204","0.192","-2.00%"
"07/23/2021","0.200","0.220","0.220","0.194","-0.84%"
"07/22/2021","0.202","0.216","0.222","0.198","-3.81%"
"07/21/2021","0.210","0.202","0.210","0.196","4.07%"
"07/20/2021","0.202","0.218","0.220","0.188","-7.35%"
"07/19/2021","0.218","0.221","0.224","0.189","-4.35%"
"07/16/2021","0.228","0.227","0.246","0.221","0.00%"
"07/15/2021","0.227","0.227","0.233","0.217","0.93%"
"07/14/2021","0.225","0.255","0.259","0.223","-11.70%"
"07/13/2021","0.255","0.229","0.267","0.227","12.40%"
"07/12/2021","0.227","0.215","0.237","0.205","5.64%"
"07/09/2021","0.215","0.200","0.217","0.198","9.32%"
"07/08/2021","0.196","0.216","0.220","0.190","-10.00%"
"07/07/2021","0.218","0.220","0.228","0.214","-0.82%"
"07/06/2021","0.220","0.234","0.242","0.216","-5.86%"
"07/05/2021","0.234","0.234","0.234","0.234","-1.68%"
"07/02/2021","0.238","0.259","0.269","0.236","-6.71%"
"07/01/2021","0.255","0.252","0.257","0.251","0.87%"
"06/30/2021","0.252","0.254","0.255","0.245","0.00%"
"06/29/2021","0.252","0.256","0.262","0.250","-1.52%"
"06/28/2021","0.256","0.266","0.266","0.254","-4.40%"
"06/25/2021","0.268","0.272","0.274","0.258","-0.70%"
"06/24/2021","0.270","0.262","0.274","0.254","2.23%"
"06/23/2021","0.264","0.244","0.270","0.241","14.78%"
"06/22/2021","0.230","0.258","0.258","0.228","-10.22%"
"06/21/2021","0.256","0.266","0.279","0.248","1.67%"
"06/18/2021","0.252","0.217","0.284","0.208","18.19%"
"06/17/2021","0.213","0.215","0.217","0.199","2.94%"
"06/16/2021","0.207","0.167","0.213","0.159","25.58%"
"06/15/2021","0.165","0.161","0.167","0.157","2.48%"
"06/14/2021","0.161","0.153","0.163","0.151","8.05%"
"06/11/2021","0.149","0.149","0.153","0.145","1.43%"
"06/10/2021","0.147","0.157","0.165","0.145","-6.25%"
"06/09/2021","0.157","0.157","0.159","0.147","1.29%"
"06/08/2021","0.155","0.159","0.161","0.151","-1.28%"
"06/07/2021","0.157","0.153","0.157","0.151","5.38%"
"06/04/2021","0.149","0.158","0.164","0.145","-6.12%"
"06/03/2021","0.158","0.149","0.160","0.147","8.05%"
"06/02/2021","0.147","0.150","0.151","0.143","-1.35%"
"06/01/2021","0.149","0.143","0.150","0.143","2.77%"
"05/31/2021","0.145","0.147","0.147","0.145","2.84%"
"05/28/2021","0.141","0.147","0.152","0.139","-4.09%"
"05/27/2021","0.147","0.147","0.152","0.145","-1.28%"
"05/26/2021","0.148","0.148","0.150","0.143","2.20%"
"05/25/2021","0.145","0.155","0.155","0.143","-3.97%"
"05/24/2021","0.151","0.153","0.157","0.151","-2.58%"
"05/21/2021","0.155","0.149","0.157","0.147","5.50%"
"05/20/2021","0.147","0.157","0.159","0.147","-7.54%"
"05/19/2021","0.159","0.153","0.161","0.145","5.36%"
"05/18/2021","0.151","0.155","0.157","0.151","-2.58%"
"05/17/2021","0.155","0.149","0.157","0.143","4.09%"
"05/14/2021","0.149","0.159","0.159","0.149","-5.04%"
"05/13/2021","0.157","0.167","0.167","0.157","-5.94%"
"05/12/2021","0.167","0.163","0.175","0.155","3.73%"
"05/11/2021","0.161","0.155","0.163","0.151","3.88%"
"05/10/2021","0.155","0.149","0.157","0.143","5.45%"
"05/07/2021","0.147","0.155","0.161","0.135","-6.26%"
"05/06/2021","0.157","0.159","0.159","0.153","1.29%"
"05/05/2021","0.155","0.161","0.168","0.153","-4.80%"
"05/04/2021","0.162","0.164","0.168","0.159","0.00%"
"05/03/2021","0.162","0.164","0.176","0.158","0.00%"
"04/30/2021","0.162","0.164","0.168","0.162","-1.10%"
"04/29/2021","0.164","0.166","0.174","0.164","-1.20%"
"04/28/2021","0.166","0.178","0.184","0.164","-8.64%"
"04/27/2021","0.182","0.178","0.182","0.174","7.13%"
"04/26/2021","0.170","0.157","0.172","0.157","6.39%"
"04/23/2021","0.160","0.153","0.162","0.149","5.42%"
"04/22/2021","0.151","0.149","0.155","0.145","1.41%"
"04/21/2021","0.149","0.153","0.155","0.149","-2.61%"
"04/20/2021","0.153","0.163","0.165","0.151","-4.96%"
"04/19/2021","0.161","0.161","0.167","0.159","-1.23%"
"04/16/2021","0.163","0.161","0.167","0.159","1.37%"
"04/15/2021","0.161","0.165","0.165","0.155","-1.23%"
"04/14/2021","0.163","0.161","0.167","0.159","1.31%"
"04/13/2021","0.161","0.169","0.177","0.159","-4.68%"
"04/12/2021","0.169","0.163","0.173","0.153","6.30%"
"04/09/2021","0.159","0.151","0.163","0.151","5.31%"
"04/08/2021","0.151","0.155","0.155","0.147","-2.52%"
"04/07/2021","0.155","0.162","0.163","0.147","-4.80%"
"04/06/2021","0.162","0.168","0.172","0.159","-4.64%"
"04/05/2021","0.170","0.184","0.194","0.168","5.19%"
"04/02/2021","0.162","0.161","0.190","0.161","0.00%"
"04/01/2021","0.162","0.160","0.166","0.155","0.00%"
"03/31/2021","0.162","0.150","0.164","0.148","9.23%"
"03/30/2021","0.148","0.145","0.158","0.143","4.14%"
"03/29/2021","0.143","0.141","0.147","0.135","1.42%"
"03/26/2021","0.141","0.139","0.143","0.129","1.37%"
"03/25/2021","0.139","0.148","0.150","0.135","-7.78%"
"03/24/2021","0.150","0.150","0.152","0.143","2.10%"
"03/23/2021","0.147","0.149","0.151","0.143","-2.64%"
"03/22/2021","0.151","0.149","0.153","0.139","-1.24%"
"03/19/2021","0.153","0.161","0.169","0.137","-2.48%"
"03/18/2021","0.157","0.137","0.169","0.127","14.67%"
"03/17/2021","0.137","0.153","0.159","0.125","-9.27%"
"03/16/2021","0.151","0.151","0.157","0.147","-1.31%"
"03/15/2021","0.153","0.153","0.157","0.147","2.68%"
"03/12/2021","0.149","0.143","0.163","0.141","4.27%"
"03/11/2021","0.143","0.155","0.159","0.139","-7.69%"
"03/10/2021","0.155","0.159","0.171","0.153","-4.86%"
"03/09/2021","0.163","0.165","0.169","0.157","-1.15%"
"03/08/2021","0.165","0.147","0.167","0.145","16.90%"
"03/05/2021","0.141","0.149","0.155","0.133","-4.02%"
"03/04/2021","0.147","0.145","0.151","0.135","2.80%"
"03/03/2021","0.143","0.123","0.147","0.121","16.02%"
"03/02/2021","0.123","0.123","0.131","0.117","1.57%"
"03/01/2021","0.121","0.123","0.141","0.119","-6.05%"
"02/26/2021","0.129","0.176","0.182","0.123","-27.54%"
"02/25/2021","0.178","0.125","0.194","0.125","42.32%"
"02/24/2021","0.125","0.115","0.131","0.111","12.71%"
"02/23/2021","0.111","0.117","0.119","0.109","-3.48%"
"02/22/2021","0.115","0.111","0.115","0.107","5.61%"
"02/19/2021","0.109","0.109","0.111","0.107","0.00%"
"02/18/2021","0.109","0.107","0.113","0.105","0.00%"
"02/17/2021","0.109","0.121","0.125","0.107","-11.46%"
"02/16/2021","0.123","0.113","0.123","0.113","6.96%"
"02/15/2021","0.115","0.115","0.115","0.115","3.60%"
"02/12/2021","0.111","0.109","0.113","0.107","1.74%"
"02/11/2021","0.109","0.111","0.139","0.107","-1.80%"
"02/10/2021","0.111","0.117","0.119","0.109","-5.12%"
"02/09/2021","0.117","0.113","0.119","0.111","3.54%"
"02/08/2021","0.113","0.107","0.115","0.105","7.51%"
"02/05/2021","0.105","0.115","0.115","0.105","-7.07%"
"02/04/2021","0.113","0.119","0.121","0.113","-4.95%"
"02/03/2021","0.119","0.113","0.121","0.113","5.21%"
"02/02/2021","0.113","0.109","0.117","0.109","1.71%"
"02/01/2021","0.111","0.111","0.113","0.107","0.00%"
"01/29/2021","0.111","0.121","0.123","0.111","-8.09%"
"01/28/2021","0.121","0.123","0.123","0.117","1.68%"
"01/27/2021","0.119","0.123","0.123","0.115","-3.17%"
"01/26/2021","0.123","0.125","0.125","0.121","1.74%"
"01/25/2021","0.121","0.123","0.127","0.119","-3.28%"
"01/22/2021","0.125","0.125","0.127","0.121","0.00%"
"01/21/2021","0.125","0.129","0.133","0.123","-3.10%"
"01/20/2021","0.129","0.133","0.137","0.127","-3.01%"
"01/19/2021","0.133","0.137","0.143","0.131","-2.92%"
"01/18/2021","0.137","0.137","0.137","0.137","1.48%"
"01/15/2021","0.135","0.143","0.145","0.135","-6.90%"
"01/14/2021","0.145","0.147","0.153","0.141","0.00%"
"01/13/2021","0.145","0.145","0.153","0.143","-1.29%"
"01/12/2021","0.147","0.147","0.153","0.145","-1.34%"
"01/11/2021","0.149","0.137","0.149","0.129","8.77%"
"01/08/2021","0.137","0.141","0.149","0.133","-2.77%"
"01/07/2021","0.141","0.139","0.145","0.137","1.44%"
"01/06/2021","0.139","0.125","0.151","0.123","12.85%"
"01/05/2021","0.123","0.119","0.123","0.113","5.04%"
"01/04/2021","0.117","0.123","0.129","0.115","-4.80%"
"12/31/2020","0.123","0.125","0.129","0.121","-1.60%"
"12/30/2020","0.125","0.127","0.133","0.125","-3.03%"
"12/29/2020","0.129","0.129","0.131","0.125","4.80%"
"12/28/2020","0.123","0.123","0.133","0.119","0.00%"
"12/24/2020","0.123","0.123","0.123","0.119","1.65%"
"12/23/2020","0.121","0.117","0.127","0.117","1.77%"
"12/22/2020","0.119","0.123","0.123","0.117","-3.33%"
"12/21/2020","0.123","0.121","0.125","0.109","0.00%"
"12/18/2020","0.123","0.123","0.123","0.119","0.00%"
"12/17/2020","0.123","0.117","0.129","0.115","3.36%"
"12/16/2020","0.119","0.117","0.129","0.117","0.00%"
"12/15/2020","0.119","0.119","0.123","0.117","0.00%"
"12/14/2020","0.119","0.125","0.129","0.115","-1.65%"
"12/11/2020","0.121","0.139","0.139","0.117","-12.89%"
"12/10/2020","0.139","0.149","0.149","0.139","-7.89%"
"12/09/2020","0.151","0.157","0.159","0.151","0.00%"
"12/08/2020","0.151","0.145","0.153","0.141","4.14%"
"12/07/2020","0.145","0.153","0.155","0.143","-5.17%"
"12/04/2020","0.153","0.154","0.161","0.149","0.00%"
"12/03/2020","0.153","0.162","0.164","0.151","-5.98%"
"12/02/2020","0.162","0.166","0.168","0.160","-4.59%"
"12/01/2020","0.170","0.150","0.174","0.147","13.02%"
"11/30/2020","0.150","0.154","0.158","0.147","-2.53%"
"11/27/2020","0.154","0.154","0.156","0.154","-1.22%"
"11/26/2020","0.156","0.156","0.156","0.156","-3.64%"
"11/25/2020","0.162","0.166","0.166","0.156","-1.16%"
"11/24/2020","0.164","0.168","0.170","0.160","0.43%"
"11/23/2020","0.163","0.190","0.190","0.159","1.24%"
"11/20/2020","0.161","0.163","0.167","0.159","-3.47%"
"11/19/2020","0.167","0.171","0.175","0.165","-4.62%"
"11/18/2020","0.175","0.173","0.179","0.171","0.00%"
"11/17/2020","0.175","0.177","0.181","0.171","-2.18%"
"11/16/2020","0.179","0.183","0.183","0.173","-1.10%"
"11/13/2020","0.181","0.181","0.183","0.175","2.43%"
"11/12/2020","0.177","0.183","0.185","0.173","-5.30%"
"11/11/2020","0.187","0.187","0.187","0.187","1.08%"
"11/10/2020","0.185","0.175","0.185","0.171","5.78%"
"11/09/2020","0.175","0.155","0.189","0.149","12.86%"
"11/06/2020","0.155","0.147","0.159","0.147","4.03%"
"11/05/2020","0.149","0.147","0.157","0.143","0.00%"
"11/04/2020","0.149","0.176","0.178","0.143","-12.63%"
"11/03/2020","0.170","0.162","0.174","0.160","7.45%"
"11/02/2020","0.158","0.154","0.158","0.153","1.28%"
"10/30/2020","0.156","0.150","0.156","0.147","2.56%"
"10/29/2020","0.153","0.150","0.154","0.143","1.33%"
"10/28/2020","0.150","0.149","0.153","0.145","0.74%"
"10/27/2020","0.149","0.154","0.154","0.147","-1.32%"
"10/26/2020","0.151","0.155","0.155","0.147","-2.57%"
"10/23/2020","0.155","0.151","0.157","0.149","0.00%"
"10/22/2020","0.155","0.149","0.157","0.147","4.09%"
"10/21/2020","0.149","0.147","0.153","0.147","1.36%"
"10/20/2020","0.147","0.149","0.151","0.145","0.00%"
"10/19/2020","0.147","0.151","0.153","0.145","0.00%"
"10/16/2020","0.147","0.139","0.147","0.135","2.87%"
"10/15/2020","0.143","0.141","0.143","0.135","1.42%"
"10/14/2020","0.141","0.141","0.145","0.139","0.00%"
"10/13/2020","0.141","0.149","0.153","0.141","-10.20%"
"10/09/2020","0.157","0.147","0.157","0.147","5.44%"
"10/08/2020","0.149","0.153","0.155","0.147","-2.55%"
"10/07/2020","0.153","0.151","0.159","0.149","4.09%"
"10/06/2020","0.147","0.149","0.151","0.141","-1.34%"
"10/05/2020","0.149","0.133","0.151","0.129","11.89%"
"10/02/2020","0.133","0.129","0.137","0.123","3.10%"
"10/01/2020","0.129","0.131","0.139","0.127","-1.53%"
"09/30/2020","0.131","0.127","0.131","0.121","3.07%"
"09/29/2020","0.127","0.129","0.131","0.125","-1.47%"
"09/28/2020","0.129","0.133","0.135","0.127","-1.53%"
"09/25/2020","0.131","0.137","0.137","0.125","-4.24%"
"09/24/2020","0.137","0.141","0.141","0.135","-2.77%"
"09/23/2020","0.141","0.137","0.143","0.133","2.55%"
"09/22/2020","0.137","0.137","0.141","0.133","-1.44%"
"09/21/2020","0.139","0.149","0.149","0.133","-1.42%"
"09/18/2020","0.141","0.137","0.143","0.131","1.51%"
"09/17/2020","0.139","0.137","0.139","0.127","0.00%"
"09/16/2020","0.139","0.141","0.143","0.133","-1.42%"
"09/15/2020","0.141","0.139","0.143","0.137","2.92%"
"09/14/2020","0.137","0.133","0.139","0.129","6.20%"
"09/11/2020","0.129","0.141","0.143","0.129","-7.13%"
"09/10/2020","0.139","0.145","0.151","0.139","-5.38%"
"09/09/2020","0.147","0.141","0.149","0.139","2.73%"
"09/08/2020","0.143","0.141","0.145","0.135","1.49%"
"09/07/2020","0.141","0.141","0.141","0.141","-4.09%"
"09/04/2020","0.147","0.131","0.153","0.129","15.59%"
"09/03/2020","0.127","0.135","0.141","0.123","-5.79%"
"09/02/2020","0.135","0.131","0.141","0.131","1.51%"
"09/01/2020","0.133","0.135","0.141","0.131","0.00%"
"08/31/2020","0.133","0.131","0.137","0.129","0.00%"
"08/28/2020","0.133","0.160","0.164","0.129","-17.10%"
"08/27/2020","0.160","0.150","0.162","0.139","5.12%"
"08/26/2020","0.152","0.150","0.160","0.150","-0.65%"
"08/25/2020","0.153","0.157","0.170","0.149","-1.29%"
"08/24/2020","0.155","0.145","0.157","0.143","5.50%"
"08/21/2020","0.147","0.147","0.149","0.137","2.94%"
"08/20/2020","0.143","0.141","0.145","0.133","-1.38%"
"08/19/2020","0.145","0.141","0.147","0.139","0.00%"
"08/18/2020","0.145","0.155","0.155","0.143","-5.23%"
"08/17/2020","0.153","0.147","0.153","0.143","4.15%"
"08/14/2020","0.147","0.165","0.167","0.145","-10.86%"
"08/13/2020","0.165","0.159","0.167","0.155","2.49%"
"08/12/2020","0.161","0.147","0.163","0.147","5.23%"
"08/11/2020","0.153","0.133","0.161","0.131","16.81%"
"08/10/2020","0.131","0.127","0.133","0.119","1.47%"
"08/07/2020","0.129","0.117","0.131","0.113","10.16%"
"08/06/2020","0.117","0.119","0.119","0.109","-1.68%"
"08/05/2020","0.119","0.113","0.121","0.109","9.07%"
"08/04/2020","0.109","0.113","0.115","0.107","-3.53%"
"08/03/2020","0.113","0.107","0.115","0.107","3.57%"
"07/31/2020","0.109","0.119","0.121","0.107","-9.74%"
"07/30/2020","0.121","0.131","0.133","0.117","-8.81%"
"07/29/2020","0.133","0.143","0.147","0.127","-6.87%"
"07/28/2020","0.143","0.152","0.154","0.139","-7.10%"
"07/27/2020","0.154","0.149","0.160","0.141","2.74%"
"07/24/2020","0.149","0.157","0.166","0.145","-2.54%"
"07/23/2020","0.153","0.147","0.180","0.145","0.00%"
"07/22/2020","0.153","0.141","0.153","0.137","7.05%"
"07/21/2020","0.143","0.149","0.153","0.139","-4.02%"
"07/20/2020","0.149","0.147","0.151","0.141","4.26%"
"07/17/2020","0.143","0.147","0.151","0.139","-2.65%"
"07/16/2020","0.147","0.153","0.157","0.145","-6.37%"
"07/15/2020","0.157","0.161","0.163","0.149","-1.26%"
"07/14/2020","0.159","0.159","0.161","0.147","2.65%"
"07/13/2020","0.155","0.151","0.165","0.147","-1.27%"
"07/10/2020","0.157","0.155","0.157","0.135","2.68%"
"07/09/2020","0.153","0.161","0.165","0.145","-6.03%"
"07/08/2020","0.163","0.159","0.167","0.155","1.25%"
"07/07/2020","0.161","0.159","0.165","0.155","1.26%"
"07/06/2020","0.159","0.155","0.167","0.155","2.59%"
"07/02/2020","0.155","0.162","0.174","0.153","-5.85%"
"07/01/2020","0.164","0.152","0.168","0.150","6.35%"
"06/30/2020","0.154","0.150","0.156","0.145","1.31%"
"06/29/2020","0.152","0.164","0.170","0.150","-9.29%"
"06/26/2020","0.168","0.186","0.188","0.164","-10.45%"
"06/25/2020","0.188","0.190","0.190","0.178","0.00%"
"06/24/2020","0.188","0.192","0.197","0.186","-1.16%"
"06/23/2020","0.190","0.194","0.198","0.188","-3.01%"
"06/22/2020","0.196","0.188","0.196","0.182","3.22%"
"06/19/2020","0.190","0.195","0.200","0.182","-2.92%"
"06/18/2020","0.195","0.195","0.199","0.189","0.00%"
"06/17/2020","0.195","0.205","0.205","0.193","-0.96%"
"06/16/2020","0.197","0.199","0.205","0.187","2.12%"
"06/15/2020","0.193","0.183","0.197","0.177","-0.97%"
"06/12/2020","0.195","0.209","0.209","0.183","-2.84%"
"06/11/2020","0.201","0.173","0.207","0.169","16.16%"
"06/10/2020","0.173","0.208","0.210","0.171","-15.51%"
"06/09/2020","0.204","0.228","0.228","0.202","-11.17%"
"06/08/2020","0.230","0.210","0.232","0.204","9.52%"
"06/05/2020","0.210","0.194","0.238","0.188","6.16%"
"06/04/2020","0.198","0.198","0.204","0.184","3.13%"
"06/03/2020","0.192","0.168","0.202","0.166","15.39%"
"06/02/2020","0.166","0.158","0.172","0.156","3.74%"
"06/01/2020","0.160","0.156","0.172","0.154","-2.38%"
"05/29/2020","0.164","0.166","0.170","0.154","-5.63%"
"05/28/2020","0.174","0.186","0.188","0.170","-5.33%"
"05/27/2020","0.184","0.170","0.188","0.160","5.81%"
"05/26/2020","0.174","0.170","0.190","0.168","1.22%"
"05/25/2020","0.172","0.174","0.174","0.172","1.18%"
"05/22/2020","0.170","0.167","0.172","0.160","1.37%"
"05/21/2020","0.167","0.165","0.173","0.159","-1.18%"
"05/20/2020","0.169","0.167","0.177","0.155","1.26%"
"05/19/2020","0.167","0.175","0.183","0.165","-7.78%"
"05/18/2020","0.181","0.143","0.185","0.139","19.99%"
"05/15/2020","0.151","0.155","0.157","0.135","1.41%"
"05/14/2020","0.149","0.159","0.167","0.145","-9.64%"
"05/13/2020","0.165","0.163","0.171","0.143","-1.14%"
"05/12/2020","0.167","0.175","0.187","0.161","-5.66%"
"05/11/2020","0.177","0.163","0.183","0.141","9.95%"
"05/08/2020","0.161","0.135","0.163","0.105","15.85%"
"05/07/2020","0.139","0.176","0.186","0.129","-23.02%"
"05/06/2020","0.180","0.190","0.202","0.176","-5.16%"
"05/05/2020","0.190","0.186","0.210","0.180","3.26%"
"05/04/2020","0.184","0.204","0.204","0.178","-6.93%"
"05/01/2020","0.198","0.198","0.206","0.182","-1.79%"
"04/30/2020","0.201","0.196","0.203","0.176","-1.90%"
"04/29/2020","0.205","0.223","0.223","0.192","-4.56%"
"04/28/2020","0.215","0.227","0.229","0.197","-4.10%"
"04/27/2020","0.224","0.225","0.243","0.216","0.81%"
"04/24/2020","0.222","0.231","0.233","0.210","0.63%"
"04/23/2020","0.221","0.211","0.227","0.209","2.69%"
"04/22/2020","0.215","0.207","0.221","0.195","6.90%"
"04/21/2020","0.201","0.206","0.212","0.185","-2.09%"
"04/20/2020","0.206","0.206","0.212","0.194","1.88%"
"04/17/2020","0.202","0.229","0.239","0.192","-4.13%"
"04/16/2020","0.211","0.201","0.215","0.187","4.83%"
"04/15/2020","0.201","0.219","0.223","0.191","-9.10%"
"04/14/2020","0.221","0.249","0.259","0.219","-11.32%"
"04/13/2020","0.249","0.229","0.253","0.225","7.69%"
"04/09/2020","0.231","0.260","0.260","0.209","-9.61%"
"04/08/2020","0.256","0.266","0.288","0.240","-4.48%"
"04/07/2020","0.268","0.274","0.304","0.262","0.00%"
"04/06/2020","0.268","0.239","0.270","0.237","18.20%"
"04/03/2020","0.227","0.231","0.245","0.205","-0.26%"
"04/02/2020","0.228","0.202","0.235","0.202","-6.53%"
"04/01/2020","0.243","0.242","0.255","0.210","-3.95%"
"03/31/2020","0.253","0.226","0.259","0.206","10.17%"
"03/30/2020","0.230","0.244","0.275","0.220","-7.15%"
"03/27/2020","0.248","0.299","0.299","0.234","-17.05%"
"03/26/2020","0.299","0.326","0.332","0.261","-12.10%"
"03/25/2020","0.340","0.371","0.389","0.312","-10.96%"
"03/24/2020","0.382","0.320","0.412","0.293","19.11%"
"03/23/2020","0.320","0.297","0.338","0.234","-1.57%"
"03/20/2020","0.325","0.446","0.448","0.293","-29.06%"
"03/19/2020","0.459","0.498","0.557","0.339","-15.01%"
"03/18/2020","0.540","0.463","0.562","0.416","8.26%"
"03/17/2020","0.498","0.408","0.525","0.351","33.36%"
"03/16/2020","0.374","0.319","0.398","0.272","-26.45%"
"03/13/2020","0.508","0.495","0.544","0.428","7.88%"
"03/12/2020","0.471","0.535","0.535","0.360","-9.66%"
"03/11/2020","0.521","0.495","0.539","0.417","-4.50%"
"03/10/2020","0.546","0.456","0.550","0.393","33.68%"
"03/09/2020","0.408","0.301","0.432","0.251","-19.92%"
"03/06/2020","0.510","0.593","0.601","0.394","-15.15%"
"03/05/2020","0.601","0.697","0.697","0.554","-12.95%"
"03/04/2020","0.691","0.689","0.704","0.614","-1.50%"
"03/03/2020","0.701","0.907","0.911","0.628","-21.66%"
"03/02/2020","0.895","0.834","0.919","0.710","-3.85%"
"02/28/2020","0.931","1.079","1.081","0.852","-13.12%"
"02/27/2020","1.071","1.153","1.155","1.034","-8.01%"
"02/26/2020","1.165","1.214","1.222","1.135","-5.22%"
"02/25/2020","1.229","1.272","1.297","1.180","-1.66%"
"02/24/2020","1.250","1.356","1.356","1.243","-7.73%"
"02/21/2020","1.354","1.389","1.397","1.321","-2.65%"
"02/20/2020","1.391","1.434","1.438","1.379","-2.44%"
"02/19/2020","1.426","1.426","1.436","1.410","0.88%"
"02/18/2020","1.414","1.424","1.428","1.393","-0.86%"
"02/17/2020","1.426","1.426","1.426","1.426","-0.28%"
"02/14/2020","1.430","1.440","1.448","1.414","-1.10%"
"02/13/2020","1.446","1.423","1.448","1.393","0.00%"
"02/12/2020","1.446","1.434","1.450","1.426","1.42%"
"02/11/2020","1.426","1.395","1.426","1.395","2.92%"
"02/10/2020","1.385","1.385","1.417","1.369","-1.15%"
"02/07/2020","1.401","1.445","1.474","1.395","-3.32%"
"02/06/2020","1.449","1.441","1.471","1.431","0.42%"
"02/05/2020","1.443","1.417","1.463","1.385","1.99%"
"02/04/2020","1.415","1.351","1.427","1.351","4.27%"
"02/03/2020","1.357","1.321","1.383","1.319","2.87%"
"01/31/2020","1.319","1.409","1.423","1.317","-6.76%"
"01/30/2020","1.415","1.419","1.421","1.367","0.13%"
"01/29/2020","1.413","1.461","1.470","1.411","-3.79%"
"01/28/2020","1.469","1.433","1.469","1.401","1.48%"
"01/27/2020","1.447","1.449","1.464","1.429","-3.18%"
"01/24/2020","1.495","1.522","1.538","1.478","-1.26%"
"01/23/2020","1.514","1.526","1.526","1.487","-0.95%"
"01/22/2020","1.528","1.543","1.549","1.522","-0.27%"
"01/21/2020","1.533","1.559","1.563","1.524","-1.84%"
"01/20/2020","1.561","1.561","1.561","1.561","-0.26%"
"01/17/2020","1.565","1.564","1.580","1.551","0.00%"
"01/16/2020","1.566","1.564","1.578","1.554","0.38%"
"01/15/2020","1.560","1.568","1.578","1.554","-0.66%"
"01/14/2020","1.570","1.588","1.599","1.566","-1.15%"
"01/13/2020","1.588","1.564","1.592","1.564","1.16%"
"01/10/2020","1.570","1.581","1.592","1.560","-0.66%"
"01/09/2020","1.581","1.585","1.605","1.572","-0.26%"
"01/08/2020","1.585","1.490","1.587","1.452","3.00%"
"01/07/2020","1.538","1.547","1.556","1.532","-0.53%"
"01/06/2020","1.547","1.515","1.561","1.511","0.91%"
"01/03/2020","1.533","1.573","1.581","1.509","-2.44%"
"01/02/2020","1.571","1.575","1.611","1.545","0.00%"
"01/01/2020","1.571","1.571","1.571","1.571","0.00%"
"12/31/2019","1.571","1.593","1.593","1.559","0.00%"