"Date","Price","Open","High","Low","Vol.","Change %"
"12/20/2024","0.9590","0.9646","0.9668","0.9571","","-0.61%"
"12/19/2024","0.9649","0.9659","0.9665","0.9594","","-0.10%"
"12/18/2024","0.9659","0.9531","0.9668","0.9512","","1.35%"
"12/17/2024","0.9530","0.9514","0.9544","0.9492","","0.20%"
"12/16/2024","0.9511","0.9527","0.9548","0.9501","","-0.11%"
"12/13/2024","0.9521","0.9553","0.9567","0.9501","","-0.33%"
"12/12/2024","0.9553","0.9528","0.9557","0.9496","","0.27%"
"12/11/2024","0.9527","0.9499","0.9543","0.9488","","0.31%"
"12/10/2024","0.9498","0.9475","0.9526","0.9462","","0.25%"
"12/09/2024","0.9474","0.9467","0.9495","0.9439","","0.15%"
"12/06/2024","0.9460","0.9446","0.9486","0.9407","","0.16%"
"12/05/2024","0.9445","0.9514","0.9517","0.9443","","-0.71%"
"12/04/2024","0.9513","0.9515","0.9549","0.9483","","-0.02%"
"12/03/2024","0.9515","0.9526","0.9542","0.9492","","-0.12%"
"12/02/2024","0.9526","0.9455","0.9560","0.9444","","0.76%"
"11/29/2024","0.9454","0.9474","0.9487","0.9436","","-0.19%"
"11/28/2024","0.9472","0.9464","0.9499","0.9461","","0.10%"
"11/27/2024","0.9463","0.9535","0.9548","0.9445","","-0.73%"
"11/26/2024","0.9533","0.9529","0.9592","0.9483","","0.05%"
"11/25/2024","0.9528","0.9551","0.9570","0.9497","","-0.70%"
"11/22/2024","0.9595","0.9547","0.9677","0.9526","","0.51%"
"11/21/2024","0.9546","0.9487","0.9558","0.9474","","0.66%"
"11/20/2024","0.9483","0.9439","0.9517","0.9425","","0.49%"
"11/19/2024","0.9437","0.9435","0.9502","0.9433","","0.04%"
"11/18/2024","0.9433","0.9492","0.9497","0.9428","","-0.56%"
"11/15/2024","0.9486","0.9495","0.9509","0.9440","","-0.11%"
"11/14/2024","0.9496","0.9466","0.9527","0.9450","","0.33%"
"11/13/2024","0.9465","0.9414","0.9473","0.9386","","0.55%"
"11/12/2024","0.9413","0.9387","0.9439","0.9377","","0.32%"
"11/11/2024","0.9383","0.9334","0.9409","0.9321","","0.58%"
"11/08/2024","0.9329","0.9255","0.9357","0.9254","","0.81%"
"11/07/2024","0.9254","0.9321","0.9335","0.9238","","-0.71%"
"11/06/2024","0.9320","0.9148","0.9362","0.9143","","1.89%"
"11/05/2024","0.9147","0.9190","0.9198","0.9144","","-0.50%"
"11/04/2024","0.9193","0.9197","0.9200","0.9163","","-0.40%"
"11/01/2024","0.9230","0.9189","0.9232","0.9170","","0.46%"
"10/31/2024","0.9188","0.9212","0.9222","0.9185","","-0.25%"
"10/30/2024","0.9211","0.9244","0.9253","0.9199","","-0.35%"
"10/29/2024","0.9243","0.9249","0.9286","0.9237","","-0.05%"
"10/28/2024","0.9248","0.9262","0.9275","0.9235","","-0.15%"
"10/25/2024","0.9262","0.9236","0.9265","0.9225","","0.29%"
"10/24/2024","0.9235","0.9274","0.9286","0.9234","","-0.41%"
"10/23/2024","0.9273","0.9260","0.9293","0.9253","","0.16%"
"10/22/2024","0.9258","0.9246","0.9265","0.9226","","0.13%"
"10/21/2024","0.9246","0.9207","0.9250","0.9197","","0.48%"
"10/18/2024","0.9202","0.9233","0.9238","0.9200","","-0.32%"
"10/17/2024","0.9232","0.9207","0.9250","0.9197","","0.28%"
"10/16/2024","0.9206","0.9182","0.9214","0.9173","","0.27%"
"10/15/2024","0.9181","0.9167","0.9190","0.9160","","0.16%"
"10/14/2024","0.9166","0.9147","0.9184","0.9143","","0.26%"
"10/11/2024","0.9142","0.9147","0.9153","0.9129","","-0.02%"
"10/10/2024","0.9144","0.9141","0.9175","0.9128","","0.03%"
"10/09/2024","0.9141","0.9107","0.9143","0.9106","","0.40%"
"10/08/2024","0.9105","0.9111","0.9123","0.9093","","-0.05%"
"10/07/2024","0.9110","0.9111","0.9129","0.9102","","0.01%"
"10/04/2024","0.9109","0.9064","0.9132","0.9057","","0.49%"
"10/03/2024","0.9065","0.9054","0.9085","0.9050","","0.13%"
"10/02/2024","0.9053","0.9036","0.9064","0.9022","","0.21%"
"10/01/2024","0.9034","0.8981","0.9054","0.8973","","0.59%"
"09/30/2024","0.8981","0.8961","0.8998","0.8921","","0.27%"
"09/27/2024","0.8957","0.8947","0.8989","0.8926","","0.11%"
"09/26/2024","0.8947","0.8982","0.8989","0.8937","","-0.38%"
"09/25/2024","0.8981","0.8945","0.8992","0.8917","","0.41%"
"09/24/2024","0.8944","0.8999","0.9007","0.8944","","-0.60%"
"09/23/2024","0.8998","0.8959","0.9023","0.8954","","0.45%"
"09/20/2024","0.8958","0.8959","0.8980","0.8942","","-0.01%"
"09/19/2024","0.8959","0.8994","0.9035","0.8946","","-0.39%"
"09/18/2024","0.8994","0.8997","0.9013","0.8937","","-0.04%"
"09/17/2024","0.8998","0.8982","0.9000","0.8971","","0.18%"
"09/16/2024","0.8982","0.9027","0.9031","0.8978","","-0.51%"
"09/13/2024","0.9028","0.9031","0.9033","0.9007","","-0.01%"
"09/12/2024","0.9029","0.9081","0.9087","0.9029","","-0.55%"
"09/11/2024","0.9079","0.9075","0.9089","0.9046","","0.06%"
"09/10/2024","0.9074","0.9062","0.9079","0.9050","","0.13%"
"09/09/2024","0.9062","0.9024","0.9064","0.9015","","0.47%"
"09/06/2024","0.9020","0.9001","0.9038","0.8964","","0.22%"
"09/05/2024","0.9000","0.9024","0.9030","0.8993","","-0.25%"
"09/04/2024","0.9023","0.9056","0.9060","0.9014","","-0.35%"
"09/03/2024","0.9055","0.9034","0.9069","0.9031","","0.27%"
"09/02/2024","0.9031","0.9053","0.9057","0.9027","","-0.22%"
"08/30/2024","0.9051","0.9028","0.9055","0.9013","","0.27%"
"08/29/2024","0.9027","0.8993","0.9046","0.8976","","0.39%"
"08/28/2024","0.8992","0.8942","0.9005","0.8939","","0.57%"
"08/27/2024","0.8941","0.8960","0.8968","0.8936","","-0.20%"
"08/26/2024","0.8959","0.8939","0.8968","0.8927","","0.28%"
"08/23/2024","0.8934","0.8999","0.9005","0.8928","","-0.71%"
"08/22/2024","0.8998","0.8968","0.9011","0.8956","","0.33%"
"08/21/2024","0.8968","0.8986","0.9010","0.8949","","-0.18%"
"08/20/2024","0.8984","0.9021","0.9032","0.8985","","-0.40%"
"08/19/2024","0.9020","0.9071","0.9072","0.9020","","-0.52%"
"08/16/2024","0.9067","0.9114","0.9115","0.9066","","-0.50%"
"08/15/2024","0.9113","0.9081","0.9133","0.9078","","0.36%"
"08/14/2024","0.9080","0.9097","0.9104","0.9051","","-0.18%"
"08/13/2024","0.9096","0.9147","0.9163","0.9092","","-0.56%"
"08/12/2024","0.9147","0.9161","0.9165","0.9141","","-0.14%"
"08/09/2024","0.9160","0.9158","0.9167","0.9147","","0.02%"
"08/08/2024","0.9158","0.9156","0.9190","0.9136","","0.03%"
"08/07/2024","0.9155","0.9148","0.9169","0.9143","","0.09%"
"08/06/2024","0.9147","0.9130","0.9172","0.9121","","0.21%"
"08/05/2024","0.9128","0.9155","0.9181","0.9083","","-0.39%"
"08/02/2024","0.9164","0.9269","0.9275","0.9152","","-1.10%"
"08/01/2024","0.9266","0.9237","0.9280","0.9229","","0.31%"
"07/31/2024","0.9237","0.9246","0.9258","0.9216","","-0.10%"
"07/30/2024","0.9246","0.9241","0.9262","0.9227","","0.06%"
"07/29/2024","0.9240","0.9204","0.9257","0.9199","","0.35%"
"07/26/2024","0.9208","0.9219","0.9224","0.9201","","-0.11%"
"07/25/2024","0.9218","0.9225","0.9236","0.9199","","-0.05%"
"07/24/2024","0.9223","0.9213","0.9237","0.9201","","0.12%"
"07/23/2024","0.9212","0.9181","0.9222","0.9176","","0.36%"
"07/22/2024","0.9179","0.9190","0.9198","0.9172","","-0.12%"
"07/19/2024","0.9190","0.9178","0.9195","0.9172","","0.13%"
"07/18/2024","0.9178","0.9143","0.9180","0.9140","","0.42%"
"07/17/2024","0.9140","0.9175","0.9179","0.9133","","-0.36%"
"07/16/2024","0.9173","0.9179","0.9199","0.9169","","-0.07%"
"07/15/2024","0.9179","0.9184","0.9189","0.9155","","0.13%"
"07/12/2024","0.9167","0.9201","0.9207","0.9164","","-0.36%"
"07/11/2024","0.9200","0.9233","0.9237","0.9173","","-0.36%"
"07/10/2024","0.9233","0.9247","0.9251","0.9233","","-0.14%"
"07/09/2024","0.9246","0.9234","0.9255","0.9230","","0.10%"
"07/08/2024","0.9237","0.9252","0.9258","0.9220","","0.13%"
"07/05/2024","0.9225","0.9249","0.9252","0.9222","","-0.26%"
"07/04/2024","0.9249","0.9270","0.9274","0.9247","","-0.23%"
"07/03/2024","0.9270","0.9309","0.9315","0.9244","","-0.38%"
"07/02/2024","0.9305","0.9310","0.9338","0.9304","","-0.04%"
"07/01/2024","0.9309","0.9320","0.9329","0.9279","","-0.24%"
"06/28/2024","0.9331","0.9343","0.9360","0.9323","","-0.11%"
"06/27/2024","0.9341","0.9363","0.9366","0.9322","","-0.22%"
"06/26/2024","0.9362","0.9334","0.9376","0.9330","","0.32%"
"06/25/2024","0.9332","0.9316","0.9354","0.9307","","0.17%"
"06/24/2024","0.9316","0.9356","0.9360","0.9305","","-0.36%"
"06/21/2024","0.9350","0.9344","0.9372","0.9327","","0.09%"
"06/20/2024","0.9342","0.9308","0.9344","0.9302","","0.40%"
"06/19/2024","0.9305","0.9311","0.9325","0.9299","","-0.04%"
"06/18/2024","0.9309","0.9316","0.9338","0.9291","","-0.06%"
"06/17/2024","0.9315","0.9344","0.9358","0.9312","","-0.29%"
"06/14/2024","0.9342","0.9313","0.9374","0.9306","","0.32%"
"06/13/2024","0.9312","0.9251","0.9317","0.9245","","0.67%"
"06/12/2024","0.9250","0.9309","0.9316","0.9214","","-0.64%"
"06/11/2024","0.9310","0.9290","0.9329","0.9281","","0.24%"
"06/10/2024","0.9288","0.9262","0.9318","0.9262","","0.35%"
"06/07/2024","0.9256","0.9182","0.9260","0.9172","","0.82%"
"06/06/2024","0.9181","0.9201","0.9207","0.9172","","-0.20%"
"06/05/2024","0.9199","0.9191","0.9214","0.9180","","0.11%"
"06/04/2024","0.9189","0.9172","0.9209","0.9161","","0.22%"
"06/03/2024","0.9169","0.9215","0.9237","0.9169","","-0.56%"
"05/31/2024","0.9221","0.9232","0.9251","0.9189","","-0.10%"
"05/30/2024","0.9230","0.9258","0.9270","0.9220","","-0.28%"
"05/29/2024","0.9256","0.9211","0.9259","0.9207","","0.51%"
"05/28/2024","0.9209","0.9209","0.9214","0.9183","","0.00%"
"05/27/2024","0.9209","0.9214","0.9225","0.9201","","-0.09%"
"05/24/2024","0.9217","0.9247","0.9255","0.9209","","-0.31%"
"05/23/2024","0.9246","0.9240","0.9255","0.9207","","0.09%"
"05/22/2024","0.9238","0.9213","0.9245","0.9204","","0.28%"
"05/21/2024","0.9212","0.9209","0.9223","0.9195","","0.03%"
"05/20/2024","0.9209","0.9203","0.9214","0.9186","","0.14%"
"05/17/2024","0.9196","0.9203","0.9229","0.9191","","-0.04%"
"05/16/2024","0.9200","0.9187","0.9213","0.9178","","0.15%"
"05/15/2024","0.9186","0.9243","0.9248","0.9186","","-0.58%"
"05/14/2024","0.9240","0.9269","0.9288","0.9237","","-0.29%"
"05/13/2024","0.9267","0.9282","0.9289","0.9253","","-0.16%"
"05/10/2024","0.9282","0.9275","0.9294","0.9268","","0.09%"
"05/09/2024","0.9274","0.9305","0.9326","0.9272","","-0.30%"
"05/08/2024","0.9302","0.9299","0.9316","0.9295","","0.06%"
"05/07/2024","0.9296","0.9285","0.9305","0.9269","","0.12%"
"05/06/2024","0.9285","0.9292","0.9298","0.9266","","-0.08%"
"05/03/2024","0.9292","0.9323","0.9326","0.9248","","-0.31%"
"05/02/2024","0.9321","0.9336","0.9369","0.9319","","-0.14%"
"05/01/2024","0.9334","0.9376","0.9391","0.9316","","-0.43%"
"04/30/2024","0.9374","0.9325","0.9377","0.9315","","0.51%"
"04/29/2024","0.9326","0.9350","0.9355","0.9316","","-0.25%"
"04/26/2024","0.9349","0.9318","0.9369","0.9299","","0.31%"
"04/25/2024","0.9320","0.9347","0.9365","0.9311","","-0.27%"
"04/24/2024","0.9345","0.9345","0.9366","0.9333","","0.02%"
"04/23/2024","0.9343","0.9385","0.9400","0.9335","","-0.44%"
"04/22/2024","0.9384","0.9384","0.9413","0.9370","","0.00%"
"04/19/2024","0.9384","0.9395","0.9425","0.9365","","-0.11%"
"04/18/2024","0.9394","0.9370","0.9398","0.9354","","0.28%"
"04/17/2024","0.9368","0.9416","0.9429","0.9363","","-0.50%"
"04/16/2024","0.9415","0.9413","0.9434","0.9385","","0.04%"
"04/15/2024","0.9411","0.9401","0.9416","0.9376","","0.19%"
"04/12/2024","0.9393","0.9323","0.9414","0.9319","","0.77%"
"04/11/2024","0.9321","0.9308","0.9347","0.9296","","0.14%"
"04/10/2024","0.9308","0.9211","0.9321","0.9201","","1.08%"
"04/09/2024","0.9209","0.9209","0.9219","0.9186","","0.02%"
"04/08/2024","0.9207","0.9222","0.9242","0.9205","","-0.21%"
"04/05/2024","0.9226","0.9229","0.9267","0.9218","","0.00%"
"04/04/2024","0.9226","0.9231","0.9233","0.9194","","-0.02%"
"04/03/2024","0.9228","0.9283","0.9291","0.9227","","-0.60%"
"04/02/2024","0.9284","0.9308","0.9325","0.9277","","-0.26%"
"04/01/2024","0.9308","0.9269","0.9319","0.9259","","0.47%"
"03/29/2024","0.9264","0.9268","0.9288","0.9254","","-0.03%"
"03/28/2024","0.9267","0.9236","0.9281","0.9235","","0.36%"
"03/27/2024","0.9234","0.9233","0.9251","0.9226","","0.04%"
"03/26/2024","0.9230","0.9227","0.9239","0.9204","","0.04%"
"03/25/2024","0.9226","0.9252","0.9258","0.9222","","-0.28%"
"03/22/2024","0.9252","0.9208","0.9258","0.9201","","0.49%"
"03/21/2024","0.9207","0.9158","0.9212","0.9138","","0.56%"
"03/20/2024","0.9156","0.9204","0.9229","0.9154","","-0.50%"
"03/19/2024","0.9202","0.9197","0.9230","0.9194","","0.08%"
"03/18/2024","0.9195","0.9180","0.9204","0.9169","","0.14%"
"03/15/2024","0.9182","0.9189","0.9197","0.9174","","-0.05%"
"03/14/2024","0.9187","0.9135","0.9191","0.9128","","0.59%"
"03/13/2024","0.9133","0.9151","0.9158","0.9121","","-0.20%"
"03/12/2024","0.9151","0.9154","0.9173","0.9137","","-0.01%"
"03/11/2024","0.9152","0.9137","0.9162","0.9133","","0.13%"
"03/08/2024","0.9140","0.9134","0.9158","0.9106","","0.09%"
"03/07/2024","0.9132","0.9177","0.9201","0.9133","","-0.45%"
"03/06/2024","0.9173","0.9209","0.9224","0.9161","","-0.39%"
"03/05/2024","0.9209","0.9212","0.9225","0.9194","","-0.01%"
"03/04/2024","0.9210","0.9223","0.9227","0.9201","","-0.15%"
"03/01/2024","0.9224","0.9257","0.9262","0.9222","","-0.31%"
"02/29/2024","0.9253","0.9229","0.9263","0.9211","","0.30%"
"02/28/2024","0.9225","0.9222","0.9263","0.9219","","0.08%"
"02/27/2024","0.9218","0.9218","0.9232","0.9202","","0.04%"
"02/26/2024","0.9214","0.9237","0.9248","0.9208","","-0.28%"
"02/23/2024","0.9240","0.9238","0.9250","0.9225","","0.04%"
"02/22/2024","0.9236","0.9245","0.9258","0.9183","","-0.05%"
"02/21/2024","0.9241","0.9254","0.9269","0.9238","","-0.13%"
"02/20/2024","0.9253","0.9277","0.9293","0.9226","","-0.25%"
"02/19/2024","0.9276","0.9280","0.9293","0.9268","","-0.02%"
"02/16/2024","0.9278","0.9285","0.9319","0.9269","","-0.03%"
"02/15/2024","0.9281","0.9323","0.9324","0.9272","","-0.43%"
"02/14/2024","0.9321","0.9337","0.9351","0.9315","","-0.16%"
"02/13/2024","0.9336","0.9284","0.9346","0.9263","","0.58%"
"02/12/2024","0.9282","0.9276","0.9298","0.9254","","0.12%"
"02/09/2024","0.9271","0.9277","0.9293","0.9263","","-0.05%"
"02/08/2024","0.9276","0.9283","0.9310","0.9269","","-0.05%"
"02/07/2024","0.9281","0.9298","0.9300","0.9273","","-0.18%"
"02/06/2024","0.9298","0.9309","0.9326","0.9291","","-0.10%"
"02/05/2024","0.9307","0.9273","0.9326","0.9270","","0.40%"
"02/02/2024","0.9270","0.9198","0.9276","0.9176","","0.80%"
"02/01/2024","0.9196","0.9247","0.9277","0.9194","","-0.50%"
"01/31/2024","0.9242","0.9221","0.9264","0.9184","","0.26%"
"01/30/2024","0.9218","0.9231","0.9250","0.9210","","-0.12%"
"01/29/2024","0.9229","0.9219","0.9263","0.9213","","0.20%"
"01/26/2024","0.9211","0.9222","0.9248","0.9186","","-0.09%"
"01/25/2024","0.9219","0.9187","0.9241","0.9172","","0.37%"
"01/24/2024","0.9185","0.9212","0.9221","0.9147","","-0.34%"
"01/23/2024","0.9216","0.9189","0.9241","0.9161","","0.32%"
"01/22/2024","0.9187","0.9182","0.9191","0.9165","","0.13%"
"01/19/2024","0.9175","0.9195","0.9204","0.9176","","-0.20%"
"01/18/2024","0.9193","0.9190","0.9220","0.9168","","0.07%"
"01/17/2024","0.9187","0.9197","0.9222","0.9186","","-0.07%"
"01/16/2024","0.9193","0.9133","0.9207","0.9131","","0.68%"
"01/15/2024","0.9131","0.9129","0.9147","0.9117","","0.01%"
"01/12/2024","0.9130","0.9113","0.9145","0.9101","","0.20%"
"01/11/2024","0.9112","0.9114","0.9150","0.9098","","0.00%"
"01/10/2024","0.9112","0.9147","0.9155","0.9113","","-0.38%"
"01/09/2024","0.9147","0.9130","0.9166","0.9118","","0.19%"
"01/08/2024","0.9130","0.9136","0.9155","0.9108","","-0.09%"
"01/05/2024","0.9138","0.9135","0.9194","0.9092","","0.03%"
"01/04/2024","0.9135","0.9157","0.9161","0.9113","","-0.23%"
"01/03/2024","0.9156","0.9133","0.9180","0.9119","","0.21%"
"01/02/2024","0.9137","0.9054","0.9143","0.9053","","0.93%"
"01/01/2024","0.9053","0.9054","0.9061","0.9052","","-0.08%"
"12/29/2023","0.9060","0.9041","0.9064","0.9021","","0.23%"
"12/28/2023","0.9039","0.9003","0.9046","0.8976","","0.40%"
"12/27/2023","0.9003","0.9056","0.9068","0.8990","","-0.55%"
"12/26/2023","0.9053","0.9082","0.9084","0.9054","","-0.32%"
"12/25/2023","0.9082","0.9077","0.9097","0.9072","","0.03%"
"12/22/2023","0.9079","0.9082","0.9097","0.9057","","-0.02%"
"12/21/2023","0.9081","0.9140","0.9146","0.9080","","-0.63%"
"12/20/2023","0.9139","0.9107","0.9150","0.9103","","0.38%"
"12/19/2023","0.9104","0.9154","0.9162","0.9101","","-0.52%"
"12/18/2023","0.9152","0.9172","0.9182","0.9148","","-0.27%"
"12/15/2023","0.9177","0.9096","0.9184","0.9087","","0.90%"
"12/14/2023","0.9095","0.9197","0.9198","0.9083","","-1.08%"
"12/13/2023","0.9194","0.9265","0.9283","0.9176","","-0.74%"
"12/12/2023","0.9263","0.9291","0.9295","0.9234","","-0.27%"
"12/11/2023","0.9288","0.9292","0.9310","0.9277","","-0.01%"
"12/08/2023","0.9289","0.9263","0.9326","0.9258","","0.28%"
"12/07/2023","0.9263","0.9286","0.9298","0.9244","","-0.28%"
"12/06/2023","0.9289","0.9263","0.9295","0.9255","","0.31%"
"12/05/2023","0.9260","0.9229","0.9279","0.9218","","0.35%"
"12/04/2023","0.9228","0.9186","0.9257","0.9178","","0.44%"
"12/01/2023","0.9188","0.9184","0.9235","0.9163","","0.04%"
"11/30/2023","0.9184","0.9115","0.9193","0.9103","","0.77%"
"11/29/2023","0.9114","0.9097","0.9125","0.9076","","0.20%"
"11/28/2023","0.9096","0.9129","0.9146","0.9083","","-0.35%"
"11/27/2023","0.9128","0.9143","0.9154","0.9125","","-0.11%"
"11/24/2023","0.9138","0.9170","0.9179","0.9133","","-0.33%"
"11/23/2023","0.9168","0.9184","0.9188","0.9148","","-0.15%"
"11/22/2023","0.9182","0.9165","0.9215","0.9154","","0.21%"
"11/21/2023","0.9163","0.9140","0.9175","0.9119","","0.26%"
"11/20/2023","0.9139","0.9164","0.9177","0.9130","","-0.28%"
"11/17/2023","0.9165","0.9215","0.9238","0.9160","","-0.52%"
"11/16/2023","0.9213","0.9219","0.9234","0.9178","","-0.04%"
"11/15/2023","0.9217","0.9192","0.9233","0.9186","","0.28%"
"11/14/2023","0.9191","0.9347","0.9353","0.9184","","-1.66%"
"11/13/2023","0.9346","0.9360","0.9377","0.9340","","-0.14%"
"11/10/2023","0.9359","0.9374","0.9385","0.9352","","-0.14%"
"11/09/2023","0.9372","0.9340","0.9381","0.9323","","0.35%"
"11/08/2023","0.9339","0.9347","0.9382","0.9331","","-0.06%"
"11/07/2023","0.9345","0.9331","0.9377","0.9325","","0.16%"
"11/06/2023","0.9330","0.9320","0.9332","0.9296","","0.14%"
"11/03/2023","0.9317","0.9413","0.9421","0.9305","","-1.02%"
"11/02/2023","0.9413","0.9462","0.9464","0.9373","","-0.49%"
"11/01/2023","0.9459","0.9457","0.9509","0.9451","","0.07%"
"10/31/2023","0.9452","0.9420","0.9474","0.9367","","0.35%"
"10/30/2023","0.9419","0.9464","0.9481","0.9411","","-0.46%"
"10/27/2023","0.9463","0.9471","0.9492","0.9436","","-0.03%"
"10/26/2023","0.9466","0.9461","0.9504","0.9456","","0.03%"
"10/25/2023","0.9463","0.9442","0.9466","0.9427","","0.23%"
"10/24/2023","0.9441","0.9373","0.9450","0.9351","","0.76%"
"10/23/2023","0.9370","0.9439","0.9460","0.9365","","-0.72%"
"10/20/2023","0.9438","0.9451","0.9466","0.9430","","-0.10%"
"10/19/2023","0.9447","0.9492","0.9499","0.9419","","-0.44%"
"10/18/2023","0.9489","0.9456","0.9503","0.9438","","0.38%"
"10/17/2023","0.9453","0.9470","0.9495","0.9438","","-0.16%"
"10/16/2023","0.9468","0.9517","0.9517","0.9467","","-0.46%"
"10/13/2023","0.9512","0.9499","0.9528","0.9470","","0.16%"
"10/12/2023","0.9497","0.9414","0.9500","0.9398","","0.87%"
"10/11/2023","0.9415","0.9430","0.9452","0.9402","","-0.14%"
"10/10/2023","0.9428","0.9463","0.9475","0.9416","","-0.36%"
"10/09/2023","0.9462","0.9467","0.9507","0.9456","","0.19%"
"10/06/2023","0.9444","0.9478","0.9539","0.9434","","-0.35%"
"10/05/2023","0.9477","0.9516","0.9524","0.9477","","-0.42%"
"10/04/2023","0.9517","0.9551","0.9568","0.9493","","-0.37%"
"10/03/2023","0.9552","0.9545","0.9571","0.9528","","0.10%"
"10/02/2023","0.9542","0.9463","0.9546","0.9441","","0.90%"
"09/29/2023","0.9457","0.9464","0.9472","0.9419","","-0.11%"
"09/28/2023","0.9467","0.9521","0.9532","0.9452","","-0.56%"
"09/27/2023","0.9520","0.9462","0.9535","0.9456","","0.67%"
"09/26/2023","0.9457","0.9440","0.9469","0.9424","","0.19%"
"09/25/2023","0.9439","0.9385","0.9457","0.9384","","0.59%"
"09/22/2023","0.9384","0.9381","0.9421","0.9370","","0.05%"
"09/21/2023","0.9379","0.9381","0.9420","0.9367","","0.01%"
"09/20/2023","0.9378","0.9362","0.9390","0.9312","","0.17%"
"09/19/2023","0.9362","0.9357","0.9369","0.9330","","0.12%"
"09/18/2023","0.9351","0.9378","0.9385","0.9347","","-0.33%"
"09/15/2023","0.9382","0.9399","0.9405","0.9355","","-0.13%"
"09/14/2023","0.9394","0.9320","0.9406","0.9300","","0.79%"
"09/13/2023","0.9320","0.9299","0.9336","0.9289","","0.26%"
"09/12/2023","0.9296","0.9301","0.9341","0.9286","","-0.05%"
"09/11/2023","0.9301","0.9333","0.9340","0.9294","","-0.46%"
"09/08/2023","0.9344","0.9348","0.9352","0.9307","","0.01%"
"09/07/2023","0.9343","0.9323","0.9358","0.9317","","0.24%"
"09/06/2023","0.9321","0.9327","0.9344","0.9302","","0.02%"
"09/05/2023","0.9319","0.9262","0.9340","0.9259","","0.59%"
"09/04/2023","0.9264","0.9279","0.9283","0.9251","","-0.16%"
"09/01/2023","0.9279","0.9225","0.9284","0.9189","","0.63%"
"08/31/2023","0.9221","0.9153","0.9230","0.9140","","0.76%"
"08/30/2023","0.9151","0.9191","0.9212","0.9136","","-0.41%"
"08/29/2023","0.9189","0.9247","0.9275","0.9180","","-0.56%"
"08/28/2023","0.9241","0.9258","0.9265","0.9240","","-0.16%"
"08/25/2023","0.9256","0.9251","0.9289","0.9223","","0.09%"
"08/24/2023","0.9248","0.9205","0.9255","0.9194","","0.46%"
"08/23/2023","0.9206","0.9219","0.9258","0.9197","","-0.13%"
"08/22/2023","0.9218","0.9180","0.9232","0.9148","","0.42%"
"08/21/2023","0.9179","0.9193","0.9201","0.9162","","-0.22%"
"08/18/2023","0.9199","0.9198","0.9222","0.9179","","0.04%"
"08/17/2023","0.9195","0.9194","0.9212","0.9158","","0.04%"
"08/16/2023","0.9191","0.9168","0.9199","0.9144","","0.24%"
"08/15/2023","0.9169","0.9169","0.9177","0.9129","","0.01%"
"08/14/2023","0.9168","0.9130","0.9196","0.9123","","0.37%"
"08/11/2023","0.9134","0.9107","0.9139","0.9086","","0.32%"
"08/10/2023","0.9105","0.9111","0.9118","0.9037","","-0.05%"
"08/09/2023","0.9110","0.9128","0.9131","0.9094","","-0.18%"
"08/08/2023","0.9126","0.9089","0.9151","0.9081","","0.46%"
"08/07/2023","0.9084","0.9076","0.9120","0.9075","","0.03%"
"08/04/2023","0.9081","0.9136","0.9146","0.9056","","-0.58%"
"08/03/2023","0.9134","0.9143","0.9165","0.9121","","-0.08%"
"08/02/2023","0.9141","0.9105","0.9160","0.9074","","0.43%"
"08/01/2023","0.9102","0.9095","0.9131","0.9087","","0.10%"
"07/31/2023","0.9093","0.9072","0.9097","0.9053","","0.18%"
"07/28/2023","0.9077","0.9109","0.9138","0.9051","","-0.36%"
"07/27/2023","0.9110","0.9025","0.9119","0.8968","","1.00%"
"07/26/2023","0.9020","0.9047","0.9060","0.9003","","-0.27%"
"07/25/2023","0.9044","0.9038","0.9074","0.9019","","0.08%"
"07/24/2023","0.9037","0.8988","0.9042","0.8971","","0.53%"
"07/21/2023","0.8989","0.8982","0.9003","0.8972","","0.07%"
"07/20/2023","0.8983","0.8928","0.8995","0.8905","","0.63%"
"07/19/2023","0.8927","0.8907","0.8949","0.8896","","0.24%"
"07/18/2023","0.8906","0.8900","0.8922","0.8868","","0.09%"
"07/17/2023","0.8898","0.8901","0.8926","0.8889","","-0.07%"
"07/14/2023","0.8904","0.8907","0.8926","0.8892","","-0.02%"
"07/13/2023","0.8906","0.8984","0.8986","0.8906","","-0.86%"
"07/12/2023","0.8983","0.9083","0.9088","0.8976","","-1.10%"
"07/11/2023","0.9083","0.9090","0.9111","0.9068","","-0.06%"
"07/10/2023","0.9088","0.9115","0.9138","0.9089","","-0.30%"
"07/07/2023","0.9115","0.9185","0.9202","0.9112","","-0.73%"
"07/06/2023","0.9182","0.9214","0.9230","0.9173","","-0.31%"
"07/05/2023","0.9211","0.9193","0.9216","0.9167","","0.23%"
"07/04/2023","0.9190","0.9165","0.9194","0.9160","","0.29%"
"07/03/2023","0.9163","0.9165","0.9200","0.9146","","0.00%"
"06/30/2023","0.9163","0.9205","0.9230","0.9147","","-0.41%"
"06/29/2023","0.9201","0.9164","0.9208","0.9139","","0.43%"
"06/28/2023","0.9162","0.9123","0.9178","0.9121","","0.44%"
"06/27/2023","0.9122","0.9166","0.9172","0.9110","","-0.50%"
"06/26/2023","0.9168","0.9178","0.9185","0.9157","","-0.13%"
"06/23/2023","0.9180","0.9126","0.9222","0.9125","","0.60%"
"06/22/2023","0.9125","0.9102","0.9134","0.9081","","0.26%"
"06/21/2023","0.9101","0.9160","0.9170","0.9098","","-0.62%"
"06/20/2023","0.9158","0.9155","0.9181","0.9135","","0.04%"
"06/19/2023","0.9154","0.9139","0.9169","0.9135","","0.15%"
"06/16/2023","0.9140","0.9137","0.9160","0.9115","","0.05%"
"06/15/2023","0.9135","0.9233","0.9257","0.9129","","-1.02%"
"06/14/2023","0.9229","0.9266","0.9282","0.9204","","-0.38%"
"06/13/2023","0.9264","0.9298","0.9298","0.9238","","-0.33%"
"06/12/2023","0.9295","0.9301","0.9317","0.9267","","-0.06%"
"06/09/2023","0.9301","0.9275","0.9309","0.9271","","0.31%"
"06/08/2023","0.9272","0.9347","0.9349","0.9270","","-0.78%"
"06/07/2023","0.9345","0.9352","0.9374","0.9311","","-0.06%"
"06/06/2023","0.9351","0.9334","0.9375","0.9316","","0.20%"
"06/05/2023","0.9332","0.9336","0.9369","0.9326","","-0.05%"
"06/02/2023","0.9337","0.9291","0.9342","0.9277","","0.51%"
"06/01/2023","0.9290","0.9355","0.9380","0.9286","","-0.67%"
"05/31/2023","0.9353","0.9315","0.9403","0.9313","","0.42%"
"05/30/2023","0.9314","0.9340","0.9370","0.9305","","-0.26%"
"05/29/2023","0.9338","0.9323","0.9341","0.9307","","0.16%"
"05/26/2023","0.9323","0.9327","0.9345","0.9294","","-0.03%"
"05/25/2023","0.9326","0.9302","0.9340","0.9296","","0.27%"
"05/24/2023","0.9301","0.9283","0.9305","0.9258","","0.18%"
"05/23/2023","0.9284","0.9249","0.9294","0.9241","","0.41%"
"05/22/2023","0.9246","0.9247","0.9263","0.9232","","-0.09%"
"05/19/2023","0.9254","0.9284","0.9294","0.9234","","-0.30%"
"05/18/2023","0.9282","0.9225","0.9292","0.9218","","0.64%"
"05/17/2023","0.9223","0.9207","0.9251","0.9196","","0.21%"
"05/16/2023","0.9204","0.9197","0.9212","0.9169","","0.10%"
"05/15/2023","0.9195","0.9212","0.9222","0.9182","","-0.22%"
"05/12/2023","0.9215","0.9162","0.9219","0.9143","","0.62%"
"05/11/2023","0.9158","0.9107","0.9175","0.9092","","0.59%"
"05/10/2023","0.9104","0.9123","0.9140","0.9085","","-0.19%"
"05/09/2023","0.9121","0.9086","0.9140","0.9086","","0.41%"
"05/08/2023","0.9084","0.9064","0.9092","0.9046","","0.11%"
"05/05/2023","0.9074","0.9081","0.9118","0.9051","","-0.06%"
"05/04/2023","0.9079","0.9042","0.9103","0.9015","","0.44%"
"05/03/2023","0.9039","0.9092","0.9092","0.9015","","-0.54%"
"05/02/2023","0.9088","0.9114","0.9140","0.9083","","-0.22%"
"05/01/2023","0.9108","0.9061","0.9121","0.9060","","0.41%"
"04/28/2023","0.9071","0.9067","0.9122","0.9054","","0.07%"
"04/27/2023","0.9065","0.9057","0.9097","0.9039","","0.11%"
"04/26/2023","0.9055","0.9114","0.9118","0.9012","","-0.64%"
"04/25/2023","0.9113","0.9053","0.9121","0.9036","","0.65%"
"04/24/2023","0.9054","0.9099","0.9119","0.9049","","-0.48%"
"04/21/2023","0.9098","0.9115","0.9143","0.9096","","-0.19%"
"04/20/2023","0.9115","0.9128","0.9147","0.9099","","-0.13%"
"04/19/2023","0.9127","0.9114","0.9161","0.9104","","0.16%"
"04/18/2023","0.9112","0.9154","0.9157","0.9104","","-0.43%"
"04/17/2023","0.9151","0.9100","0.9167","0.9090","","0.69%"
"04/14/2023","0.9088","0.9056","0.9114","0.9028","","0.38%"
"04/13/2023","0.9054","0.9097","0.9111","0.9035","","-0.47%"
"04/12/2023","0.9097","0.9165","0.9165","0.9090","","-0.71%"
"04/11/2023","0.9162","0.9205","0.9211","0.9151","","-0.48%"
"04/10/2023","0.9206","0.9173","0.9233","0.9159","","0.36%"
"04/07/2023","0.9173","0.9156","0.9194","0.9153","","0.22%"
"04/06/2023","0.9153","0.9170","0.9188","0.9142","","-0.16%"
"04/05/2023","0.9168","0.9130","0.9183","0.9116","","0.43%"
"04/04/2023","0.9129","0.9177","0.9189","0.9112","","-0.51%"
"04/03/2023","0.9176","0.9219","0.9270","0.9160","","-0.51%"
"03/31/2023","0.9223","0.9169","0.9228","0.9152","","0.58%"
"03/30/2023","0.9170","0.9222","0.9240","0.9151","","-0.53%"
"03/29/2023","0.9219","0.9221","0.9245","0.9198","","-0.02%"
"03/28/2023","0.9221","0.9262","0.9264","0.9217","","-0.42%"
"03/27/2023","0.9260","0.9288","0.9307","0.9259","","-0.33%"
"03/24/2023","0.9291","0.9234","0.9334","0.9226","","0.66%"
"03/23/2023","0.9230","0.9212","0.9239","0.9148","","0.23%"
"03/22/2023","0.9209","0.9287","0.9295","0.9163","","-0.80%"
"03/21/2023","0.9283","0.9326","0.9342","0.9269","","-0.46%"
"03/20/2023","0.9326","0.9348","0.9406","0.9319","","-0.49%"
"03/17/2023","0.9372","0.9426","0.9430","0.9358","","-0.57%"
"03/16/2023","0.9426","0.9454","0.9478","0.9402","","-0.29%"
"03/15/2023","0.9453","0.9317","0.9510","0.9294","","1.46%"
"03/14/2023","0.9317","0.9319","0.9365","0.9302","","0.00%"
"03/13/2023","0.9317","0.9392","0.9392","0.9302","","-0.82%"
"03/10/2023","0.9394","0.9450","0.9458","0.9344","","-0.57%"
"03/09/2023","0.9448","0.9483","0.9490","0.9441","","-0.34%"
"03/08/2023","0.9480","0.9480","0.9502","0.9456","","0.02%"
"03/07/2023","0.9478","0.9363","0.9482","0.9350","","1.23%"
"03/06/2023","0.9363","0.9417","0.9421","0.9350","","-0.41%"
"03/03/2023","0.9402","0.9436","0.9445","0.9399","","-0.34%"
"03/02/2023","0.9434","0.9374","0.9456","0.9369","","0.67%"
"03/01/2023","0.9371","0.9456","0.9465","0.9352","","-0.86%"
"02/28/2023","0.9452","0.9430","0.9457","0.9393","","0.30%"
"02/27/2023","0.9424","0.9487","0.9495","0.9416","","-0.58%"
"02/24/2023","0.9479","0.9437","0.9492","0.9420","","0.46%"
"02/23/2023","0.9436","0.9431","0.9455","0.9409","","0.06%"
"02/22/2023","0.9430","0.9393","0.9435","0.9377","","0.43%"
"02/21/2023","0.9390","0.9358","0.9401","0.9347","","0.34%"
"02/20/2023","0.9358","0.9356","0.9372","0.9341","","0.09%"
"02/17/2023","0.9350","0.9369","0.9423","0.9347","","-0.21%"
"02/16/2023","0.9370","0.9355","0.9386","0.9326","","0.17%"
"02/15/2023","0.9354","0.9313","0.9381","0.9306","","0.45%"
"02/14/2023","0.9312","0.9327","0.9340","0.9255","","-0.15%"
"02/13/2023","0.9326","0.9364","0.9385","0.9319","","-0.38%"
"02/10/2023","0.9362","0.9312","0.9376","0.9299","","0.55%"
"02/09/2023","0.9311","0.9336","0.9338","0.9265","","-0.25%"
"02/08/2023","0.9334","0.9323","0.9338","0.9293","","0.14%"
"02/07/2023","0.9321","0.9322","0.9374","0.9287","","0.05%"
"02/06/2023","0.9316","0.9268","0.9338","0.9259","","0.58%"
"02/03/2023","0.9262","0.9166","0.9266","0.9140","","1.08%"
"02/02/2023","0.9163","0.9100","0.9187","0.9063","","0.71%"
"02/01/2023","0.9098","0.9204","0.9215","0.9089","","-1.16%"
"01/31/2023","0.9205","0.9216","0.9258","0.9195","","-0.14%"
"01/30/2023","0.9218","0.9196","0.9226","0.9162","","0.21%"
"01/27/2023","0.9199","0.9181","0.9228","0.9173","","0.21%"
"01/26/2023","0.9180","0.9160","0.9217","0.9149","","0.24%"
"01/25/2023","0.9158","0.9186","0.9212","0.9154","73.25K","-0.34%"
"01/24/2023","0.9189","0.9198","0.9230","0.9176","69.93K","-0.10%"
"01/23/2023","0.9198","0.9208","0.9220","0.9151","72.09K","-0.13%"
"01/20/2023","0.9210","0.9231","0.9258","0.9208","77.66K","-0.25%"
"01/19/2023","0.9233","0.9268","0.9275","0.9225","103.05K","-0.32%"
"01/18/2023","0.9263","0.9268","0.9289","0.9184","110.02K","-0.06%"
"01/17/2023","0.9269","0.9240","0.9281","0.9200","109.13K","0.29%"
"01/16/2023","0.9242","0.9230","0.9258","0.9196","66.66K","0.11%"
"01/13/2023","0.9232","0.9219","0.9277","0.9201","98.07K","0.18%"
"01/12/2023","0.9215","0.9297","0.9319","0.9201","95.62K","-0.86%"
"01/11/2023","0.9295","0.9315","0.9324","0.9279","87.80K","-0.19%"
"01/10/2023","0.9313","0.9324","0.9336","0.9294","94.33K","-0.05%"
"01/09/2023","0.9318","0.9401","0.9402","0.9293","87.39K","-0.79%"
"01/06/2023","0.9392","0.9504","0.9539","0.9391","94.85K","-1.16%"
"01/05/2023","0.9502","0.9431","0.9510","0.9405","81.26K","0.75%"
"01/04/2023","0.9431","0.9481","0.9488","0.9402","90.18K","-0.46%"
"01/03/2023","0.9475","0.9377","0.9507","0.9359","94.73K","1.06%"
"01/02/2023","0.9376","0.9344","0.9390","0.9339","21.16K","0.37%"
"12/30/2022","0.9341","0.9378","0.9399","0.9334","71.53K","-0.41%"
"12/29/2022","0.9379","0.9425","0.9426","0.9354","59.74K","-0.46%"
"12/28/2022","0.9422","0.9396","0.9428","0.9368","56.01K","0.27%"
"12/27/2022","0.9397","0.9401","0.9424","0.9372","68.37K","-0.02%"
"12/26/2022","0.9399","0.9424","0.9431","0.9400","17.50K","-0.20%"
"12/23/2022","0.9418","0.9438","0.9446","0.9405","94.32K","-0.20%"
"12/22/2022","0.9437","0.9428","0.9459","0.9381","97.30K","0.10%"
"12/21/2022","0.9428","0.9412","0.9445","0.9392","86.75K","0.16%"
"12/20/2022","0.9413","0.9429","0.9453","0.9381","130.49K","-0.14%"
"12/19/2022","0.9426","0.9442","0.9456","0.9383","91.77K","-0.21%"
"12/16/2022","0.9446","0.9411","0.9448","0.9377","96.98K","0.41%"
"12/15/2022","0.9407","0.9360","0.9441","0.9314","96.29K","0.49%"
"12/14/2022","0.9361","0.9405","0.9417","0.9349","93.43K","-0.46%"
"12/13/2022","0.9404","0.9493","0.9499","0.9369","76.63K","-0.90%"
"12/12/2022","0.9489","0.9499","0.9518","0.9452","72.91K","-0.04%"
"12/09/2022","0.9493","0.9470","0.9518","0.9444","81.68K","0.23%"
"12/08/2022","0.9471","0.9517","0.9534","0.9464","89.81K","-0.48%"
"12/07/2022","0.9517","0.9552","0.9577","0.9478","102.18K","-0.35%"
"12/06/2022","0.9550","0.9534","0.9561","0.9493","83.94K","0.21%"
"12/05/2022","0.9530","0.9509","0.9542","0.9438","91.07K","0.46%"
"12/02/2022","0.9486","0.9503","0.9590","0.9482","82.22K","-0.15%"
"12/01/2022","0.9500","0.9609","0.9622","0.9492","108.31K","-1.11%"
"11/30/2022","0.9607","0.9682","0.9718","0.9589","92.19K","-0.75%"
"11/29/2022","0.9680","0.9671","0.9690","0.9620","75.18K","0.10%"
"11/28/2022","0.9670","0.9632","0.9681","0.9526","78.44K","0.56%"
"11/25/2022","0.9616","0.9607","0.9657","0.9588","70.18K","0.10%"
"11/24/2022","0.9606","0.9617","0.9632","0.9570","68.51K","-0.11%"
"11/23/2022","0.9617","0.9704","0.9712","0.9610","74.47K","-0.89%"
"11/22/2022","0.9703","0.9763","0.9766","0.9700","79.18K","-0.59%"
"11/21/2022","0.9761","0.9692","0.9783","0.9677","82.17K","0.78%"
"11/18/2022","0.9685","0.9651","0.9697","0.9618","95.10K","0.37%"
"11/17/2022","0.9649","0.9620","0.9704","0.9609","98.79K","0.31%"
"11/16/2022","0.9619","0.9668","0.9680","0.9579","103.83K","-0.43%"
"11/15/2022","0.9661","0.9685","0.9729","0.9541","104.61K","-0.21%"
"11/14/2022","0.9681","0.9646","0.9736","0.9645","103.36K","0.26%"
"11/11/2022","0.9656","0.9795","0.9840","0.9648","114.00K","-1.41%"
"11/10/2022","0.9794","0.9987","1.0065","0.9783","128.78K","-1.90%"
"11/09/2022","0.9984","0.9927","1.0007","0.9912","117.09K","0.59%"
"11/08/2022","0.9925","0.9979","1.0028","0.9904","100.70K","-0.52%"
"11/07/2022","0.9977","1.0091","1.0102","0.9965","94.50K","-0.59%"
"11/04/2022","1.0036","1.0256","1.0265","1.0033","86.22K","-2.10%"
"11/03/2022","1.0251","1.0184","1.0278","1.0163","76.01K","0.68%"
"11/02/2022","1.0182","1.0127","1.0192","1.0023","77.34K","0.54%"
"11/01/2022","1.0127","1.0120","1.0150","1.0045","71.01K","0.13%"
"10/31/2022","1.0114","1.0053","1.0130","1.0034","75.23K","0.81%"
"10/28/2022","1.0033","1.0036","1.0075","1.0001","76.68K","-0.01%"
"10/27/2022","1.0034","0.9922","1.0043","0.9906","110.90K","1.15%"
"10/26/2022","0.9920","1.0034","1.0057","0.9912","84.29K","-1.12%"
"10/25/2022","1.0032","1.0128","1.0154","1.0022","74.00K","-0.93%"
"10/24/2022","1.0126","1.0135","1.0197","1.0101","91.25K","-0.12%"
"10/21/2022","1.0138","1.0220","1.0304","1.0132","92.87K","-0.78%"
"10/20/2022","1.0218","1.0232","1.0252","1.0156","92.63K","-0.12%"
"10/19/2022","1.0230","1.0148","1.0250","1.0129","88.91K","0.84%"
"10/18/2022","1.0145","1.0165","1.0192","1.0125","98.98K","-0.16%"
"10/17/2022","1.0161","1.0282","1.0289","1.0149","88.28K","-1.21%"
"10/14/2022","1.0285","1.0230","1.0302","1.0195","108.60K","0.56%"
"10/13/2022","1.0228","1.0307","1.0382","1.0197","95.28K","-0.71%"
"10/12/2022","1.0301","1.0301","1.0344","1.0272","93.22K","-0.01%"
"10/11/2022","1.0302","1.0307","1.0339","1.0230","127.21K","-0.04%"
"10/10/2022","1.0306","1.0271","1.0329","1.0252","97.21K","0.43%"
"10/07/2022","1.0262","1.0215","1.0282","1.0186","78.52K","0.50%"
"10/06/2022","1.0211","1.0122","1.0217","1.0074","89.26K","0.93%"
"10/05/2022","1.0117","1.0014","1.0169","1.0005","88.68K","1.04%"
"10/04/2022","1.0013","1.0176","1.0199","0.9999","86.11K","-1.59%"
"10/03/2022","1.0175","1.0204","1.0253","1.0157","97.65K","-0.25%"
"09/30/2022","1.0201","1.0186","1.0273","1.0148","94.06K","0.16%"
"09/29/2022","1.0185","1.0272","1.0379","1.0187","96.26K","-0.83%"
"09/28/2022","1.0270","1.0423","1.0487","1.0254","104.44K","-1.45%"
"09/27/2022","1.0421","1.0406","1.0451","1.0339","104.22K","0.15%"
"09/26/2022","1.0405","1.0325","1.0453","1.0299","109.84K","0.86%"
"09/23/2022","1.0316","1.0165","1.0344","1.0150","90.98K","1.47%"
"09/22/2022","1.0167","1.0165","1.0195","1.0093","103.84K","0.03%"
"09/21/2022","1.0164","1.0028","1.0191","1.0022","87.44K","1.37%"
"09/20/2022","1.0027","0.9976","1.0045","0.9948","72.94K","0.52%"
"09/19/2022","0.9975","0.9988","1.0035","0.9970","63.17K","-0.06%"
"09/16/2022","0.9981","0.9999","1.0056","0.9963","72.83K","-0.15%"
"09/15/2022","0.9996","1.0021","1.0044","0.9981","69.08K","-0.20%"
"09/14/2022","1.0016","1.0028","1.0044","0.9976","87.67K","-0.12%"
"09/13/2022","1.0028","0.9880","1.0034","0.9815","77.65K","1.51%"
"09/12/2022","0.9879","0.9921","0.9941","0.9805","62.34K","-0.78%"
"09/09/2022","0.9957","1.0002","1.0005","0.9887","76.40K","-0.44%"
"09/08/2022","1.0001","0.9999","1.0070","0.9969","86.34K","0.05%"
"09/07/2022","0.9996","1.0097","1.0127","0.9988","82.61K","-0.97%"
"09/06/2022","1.0094","1.0072","1.0138","1.0013","101.49K","0.25%"
"09/05/2022","1.0069","1.0050","1.0124","1.0050","67.11K","0.24%"
"09/02/2022","1.0045","1.0055","1.0057","0.9966","68.96K","-0.08%"
"09/01/2022","1.0053","0.9945","1.0091","0.9943","85.85K","1.15%"
"08/31/2022","0.9939","0.9987","1.0029","0.9922","87.59K","-0.45%"
"08/30/2022","0.9984","1.0004","1.0019","0.9944","90.21K","-0.17%"
"08/29/2022","1.0001","1.0016","1.0087","0.9970","59.85K","-0.34%"
"08/26/2022","1.0035","1.0025","1.0053","0.9911","60.92K","0.11%"
"08/25/2022","1.0024","1.0033","1.0051","0.9966","82.50K","-0.07%"
"08/24/2022","1.0031","1.0029","1.0092","1.0000","67.56K","0.02%"
"08/23/2022","1.0029","1.0057","1.0101","0.9981","82.39K","-0.27%"
"08/22/2022","1.0056","0.9959","1.0076","0.9952","87.97K","0.94%"
"08/19/2022","0.9962","0.9912","0.9969","0.9905","76.59K","0.53%"
"08/18/2022","0.9909","0.9823","0.9922","0.9811","78.31K","0.91%"
"08/17/2022","0.9820","0.9833","0.9857","0.9801","92.06K","-0.09%"
"08/16/2022","0.9829","0.9841","0.9879","0.9808","63.58K","-0.10%"
"08/15/2022","0.9839","0.9744","0.9847","0.9737","64.99K","0.96%"
"08/12/2022","0.9745","0.9694","0.9768","0.9682","80.25K","0.57%"
"08/11/2022","0.9690","0.9711","0.9732","0.9647","84.77K","-0.19%"
"08/10/2022","0.9708","0.9790","0.9803","0.9643","88.50K","-0.84%"
"08/09/2022","0.9790","0.9806","0.9815","0.9758","80.55K","-0.15%"
"08/08/2022","0.9805","0.9825","0.9844","0.9783","67.81K","-0.13%"
"08/05/2022","0.9818","0.9760","0.9861","0.9753","82.58K","0.60%"
"08/04/2022","0.9759","0.9838","0.9848","0.9751","79.41K","-0.78%"
"08/03/2022","0.9836","0.9837","0.9879","0.9794","79.91K","0.00%"
"08/02/2022","0.9836","0.9746","0.9840","0.9714","102.37K","0.96%"
"08/01/2022","0.9742","0.9787","0.9799","0.9731","84.58K","-0.42%"
"07/29/2022","0.9783","0.9806","0.9857","0.9751","81.82K","-0.23%"
"07/28/2022","0.9806","0.9806","0.9887","0.9769","106.64K","0.08%"
"07/27/2022","0.9798","0.9884","0.9905","0.9783","76.16K","-0.86%"
"07/26/2022","0.9883","0.9785","0.9894","0.9754","79.22K","1.04%"
"07/25/2022","0.9781","0.9792","0.9824","0.9748","77.43K","-0.09%"
"07/22/2022","0.9790","0.9776","0.9872","0.9750","73.44K","0.17%"
"07/21/2022","0.9773","0.9825","0.9848","0.9729","105.36K","-0.50%"
"07/20/2022","0.9822","0.9779","0.9847","0.9733","92.85K","0.46%"
"07/19/2022","0.9777","0.9860","0.9882","0.9737","80.21K","-0.82%"
"07/18/2022","0.9858","0.9916","0.9923","0.9801","74.88K","-0.52%"
"07/15/2022","0.9910","0.9982","0.9994","0.9902","77.73K","-0.70%"
"07/14/2022","0.9980","0.9939","1.0049","0.9935","89.57K","0.44%"
"07/13/2022","0.9936","0.9962","1.0002","0.9879","82.55K","-0.23%"
"07/12/2022","0.9959","0.9960","1.0000","0.9926","87.75K","0.02%"
"07/11/2022","0.9957","0.9829","0.9966","0.9819","77.38K","1.44%"
"07/08/2022","0.9816","0.9843","0.9929","0.9811","90.46K","-0.24%"
"07/07/2022","0.9840","0.9822","0.9858","0.9783","86.85K","0.20%"
"07/06/2022","0.9820","0.9739","0.9841","0.9730","95.91K","0.85%"
"07/05/2022","0.9737","0.9598","0.9771","0.9570","85.14K","1.51%"
"07/04/2022","0.9592","0.9593","0.9600","0.9557","68.80K","0.04%"
"07/01/2022","0.9588","0.9541","0.9647","0.9536","68.09K","0.53%"
"06/30/2022","0.9537","0.9578","0.9632","0.9534","83.87K","-0.41%"
"06/29/2022","0.9576","0.9507","0.9584","0.9491","90.48K","0.75%"
"06/28/2022","0.9505","0.9448","0.9521","0.9428","92.98K","0.61%"
"06/27/2022","0.9447","0.9474","0.9479","0.9420","86.89K","-0.25%"
"06/24/2022","0.9471","0.9499","0.9513","0.9459","88.51K","-0.28%"
"06/23/2022","0.9498","0.9463","0.9539","0.9450","111.48K","0.37%"
"06/22/2022","0.9463","0.9499","0.9553","0.9428","84.04K","-0.37%"
"06/21/2022","0.9498","0.9514","0.9517","0.9449","83.47K","-0.15%"
"06/20/2022","0.9512","0.9549","0.9549","0.9481","76.94K","-0.11%"
"06/17/2022","0.9522","0.9480","0.9574","0.9470","85.56K","0.47%"
"06/16/2022","0.9477","0.9574","0.9633","0.9432","138.96K","-1.00%"
"06/15/2022","0.9573","0.9600","0.9654","0.9516","104.81K","-0.26%"
"06/14/2022","0.9598","0.9606","0.9618","0.9537","86.87K","-0.09%"
"06/13/2022","0.9607","0.9512","0.9615","0.9506","75.49K","1.05%"
"06/10/2022","0.9507","0.9419","0.9518","0.9395","70.02K","0.94%"
"06/09/2022","0.9418","0.9331","0.9424","0.9281","79.98K","0.94%"
"06/08/2022","0.9330","0.9346","0.9371","0.9303","57.45K","-0.14%"
"06/07/2022","0.9343","0.9350","0.9388","0.9333","62.17K","-0.06%"
"06/06/2022","0.9349","0.9327","0.9360","0.9300","61.18K","0.24%"
"06/03/2022","0.9327","0.9306","0.9342","0.9290","36.97K","0.27%"
"06/02/2022","0.9302","0.9391","0.9395","0.9301","52.85K","-0.92%"
"06/01/2022","0.9388","0.9316","0.9410","0.9312","57.34K","0.79%"
"05/31/2022","0.9314","0.9277","0.9365","0.9276","72.22K","0.41%"
"05/30/2022","0.9276","0.9314","0.9323","0.9270","54.77K","-0.46%"
"05/27/2022","0.9319","0.9323","0.9349","0.9289","64.64K","-0.02%"
"05/26/2022","0.9321","0.9360","0.9379","0.9317","64.32K","-0.42%"
"05/25/2022","0.9360","0.9313","0.9397","0.9312","73.49K","0.49%"
"05/24/2022","0.9314","0.9354","0.9380","0.9302","68.66K","-0.41%"
"05/23/2022","0.9352","0.9459","0.9471","0.9347","72.25K","-1.20%"
"05/20/2022","0.9466","0.9445","0.9495","0.9434","79.33K","0.25%"
"05/19/2022","0.9442","0.9551","0.9560","0.9427","78.99K","-1.14%"
"05/18/2022","0.9551","0.9480","0.9560","0.9466","79.53K","0.77%"
"05/17/2022","0.9478","0.9584","0.9589","0.9473","76.97K","-1.10%"
"05/16/2022","0.9583","0.9611","0.9626","0.9575","63.92K","-0.20%"
"05/13/2022","0.9602","0.9635","0.9663","0.9596","75.67K","-0.32%"
"05/12/2022","0.9633","0.9513","0.9658","0.9497","103.61K","1.29%"
"05/11/2022","0.9510","0.9498","0.9523","0.9454","107.91K","0.15%"
"05/10/2022","0.9496","0.9472","0.9501","0.9446","71.60K","0.26%"
"05/09/2022","0.9471","0.9477","0.9528","0.9439","66.96K","-0.03%"
"05/06/2022","0.9474","0.9484","0.9540","0.9434","84.53K","-0.11%"
"05/05/2022","0.9484","0.9414","0.9531","0.9396","85.99K","0.76%"
"05/04/2022","0.9412","0.9510","0.9518","0.9406","64.71K","-0.95%"
"05/03/2022","0.9502","0.9519","0.9531","0.9453","68.53K","-0.17%"
"05/02/2022","0.9518","0.9478","0.9533","0.9462","49.74K","0.37%"
"04/29/2022","0.9483","0.9528","0.9532","0.9440","87.17K","-0.41%"
"04/28/2022","0.9522","0.9473","0.9550","0.9464","89.07K","0.54%"
"04/27/2022","0.9471","0.9401","0.9512","0.9385","89.56K","0.77%"
"04/26/2022","0.9399","0.9334","0.9402","0.9312","91.48K","0.71%"
"04/25/2022","0.9333","0.9224","0.9349","0.9223","98.74K","0.76%"
"04/22/2022","0.9263","0.9227","0.9285","0.9215","74.46K","0.41%"
"04/21/2022","0.9225","0.9215","0.9239","0.9143","85.70K","0.14%"
"04/20/2022","0.9212","0.9269","0.9273","0.9201","83.77K","-0.60%"
"04/19/2022","0.9268","0.9274","0.9294","0.9247","77.56K","-0.05%"
"04/18/2022","0.9273","0.9255","0.9286","0.9240","34.70K","0.24%"
"04/15/2022","0.9251","0.9236","0.9262","0.9233","39.97K","0.19%"
"04/14/2022","0.9233","0.9185","0.9296","0.9154","86.70K","0.53%"
"04/13/2022","0.9184","0.9236","0.9252","0.9178","74.81K","-0.54%"
"04/12/2022","0.9234","0.9190","0.9241","0.9171","55.12K","0.50%"
"04/11/2022","0.9188","0.9145","0.9197","0.9131","61.06K","-0.03%"
"04/08/2022","0.9191","0.9192","0.9229","0.9180","56.37K","0.00%"
"04/07/2022","0.9191","0.9179","0.9204","0.9141","63.15K","0.16%"
"04/06/2022","0.9176","0.9169","0.9196","0.9142","57.66K","0.09%"
"04/05/2022","0.9168","0.9114","0.9175","0.9100","50.42K","0.61%"
"04/04/2022","0.9112","0.9059","0.9124","0.9045","70.49K","0.75%"
"04/01/2022","0.9044","0.9038","0.9068","0.9028","96.87K","0.11%"
"03/31/2022","0.9034","0.8963","0.9041","0.8940","77.25K","0.83%"
"03/30/2022","0.8960","0.9020","0.9023","0.8952","82.33K","-0.64%"
"03/29/2022","0.9018","0.9107","0.9116","0.8978","84.85K","-0.97%"
"03/28/2022","0.9106","0.9100","0.9137","0.9090","58.63K","0.03%"
"03/25/2022","0.9103","0.9093","0.9108","0.9059","55.19K","0.12%"
"03/24/2022","0.9092","0.9087","0.9120","0.9079","54.04K","0.07%"
"03/23/2022","0.9086","0.9067","0.9121","0.9054","62.58K","0.23%"
"03/22/2022","0.9065","0.9076","0.9124","0.9053","67.25K","-0.12%"
"03/21/2022","0.9076","0.9042","0.9083","0.9033","64.45K","0.30%"
"03/18/2022","0.9049","0.9017","0.9089","0.8993","58.86K","0.38%"
"03/17/2022","0.9015","0.9061","0.9084","0.8978","76.72K","-0.53%"
"03/16/2022","0.9063","0.9128","0.9133","0.9052","83.23K","-0.71%"
"03/15/2022","0.9128","0.9140","0.9153","0.9074","80.80K","-0.13%"
"03/14/2022","0.9140","0.9139","0.9174","0.9096","69.05K","-0.25%"
"03/11/2022","0.9163","0.9104","0.9173","0.9054","87.09K","0.67%"
"03/10/2022","0.9102","0.9029","0.9111","0.8992","88.31K","0.83%"
"03/09/2022","0.9027","0.9172","0.9183","0.9013","100.09K","-1.58%"
"03/08/2022","0.9172","0.9213","0.9218","0.9125","99.69K","-0.42%"
"03/07/2022","0.9211","0.9130","0.9255","0.9130","100.00K","0.66%"
"03/04/2022","0.9151","0.9036","0.9186","0.9035","82.96K","1.28%"
"03/03/2022","0.9035","0.8995","0.9064","0.8989","78.70K","0.50%"
"03/02/2022","0.8990","0.8987","0.9044","0.8971","79.29K","0.04%"
"03/01/2022","0.8986","0.8914","0.9018","0.8902","89.11K","0.85%"
"02/28/2022","0.8910","0.8946","0.8991","0.8891","86.10K","0.43%"
"02/25/2022","0.8872","0.8935","0.8956","0.8869","79.32K","-0.68%"
"02/24/2022","0.8933","0.8839","0.9004","0.8839","103.42K","1.06%"
"02/23/2022","0.8839","0.8829","0.8849","0.8803","64.39K","0.12%"
"02/22/2022","0.8828","0.8840","0.8860","0.8797","85.66K","-0.14%"
"02/21/2022","0.8840","0.8838","0.8845","0.8779","51.07K","0.11%"
"02/18/2022","0.8830","0.8802","0.8838","0.8789","64.20K","0.33%"
"02/17/2022","0.8801","0.8791","0.8832","0.8782","80.16K","0.11%"
"02/16/2022","0.8791","0.8802","0.8815","0.8774","70.76K","-0.14%"
"02/15/2022","0.8803","0.8845","0.8849","0.8796","74.42K","-0.45%"
"02/14/2022","0.8843","0.8815","0.8866","0.8795","81.23K","0.40%"
"02/11/2022","0.8808","0.8751","0.8827","0.8748","82.40K","0.66%"
"02/10/2022","0.8750","0.8749","0.8791","0.8698","84.63K","-0.02%"
"02/09/2022","0.8752","0.8759","0.8770","0.8735","67.49K","-0.09%"
"02/08/2022","0.8760","0.8739","0.8776","0.8734","100.06K","0.24%"
"02/07/2022","0.8739","0.8719","0.8761","0.8719","75.92K","0.06%"
"02/04/2022","0.8734","0.8742","0.8763","0.8708","85.84K","-0.07%"
"02/03/2022","0.8740","0.8845","0.8875","0.8732","68.02K","-1.19%"
"02/02/2022","0.8845","0.8874","0.8876","0.8826","48.06K","-0.29%"
"02/01/2022","0.8871","0.8902","0.8912","0.8866","53.47K","-0.31%"
"01/31/2022","0.8899","0.8971","0.8978","0.8890","55.97K","-0.80%"
"01/28/2022","0.8971","0.8971","0.8992","0.8949","62.02K","0.00%"
"01/27/2022","0.8971","0.8896","0.8984","0.8893","68.31K","0.84%"
"01/26/2022","0.8896","0.8849","0.8901","0.8841","62.70K","0.55%"
"01/25/2022","0.8847","0.8831","0.8879","0.8826","72.71K","0.22%"
"01/24/2022","0.8828","0.8816","0.8857","0.8813","93.65K","0.15%"
"01/21/2022","0.8815","0.8840","0.8849","0.8802","70.09K","-0.27%"
"01/20/2022","0.8839","0.8817","0.8848","0.8795","74.10K","0.27%"
"01/19/2022","0.8815","0.8834","0.8835","0.8805","87.94K","-0.14%"
"01/18/2022","0.8827","0.8766","0.8838","0.8755","102.17K","0.73%"
"01/17/2022","0.8763","0.8762","0.8778","0.8745","60.66K","0.06%"
"01/14/2022","0.8758","0.8729","0.8773","0.8708","63.78K","0.34%"
"01/13/2022","0.8728","0.8738","0.8745","0.8709","59.44K","-0.10%"
"01/12/2022","0.8737","0.8798","0.8808","0.8731","60.52K","-0.68%"
"01/11/2022","0.8797","0.8830","0.8840","0.8791","58.48K","-0.35%"
"01/10/2022","0.8828","0.8809","0.8862","0.8802","55.31K","0.32%"
"01/07/2022","0.8800","0.8855","0.8858","0.8798","44.10K","-0.60%"
"01/06/2022","0.8853","0.8838","0.8862","0.8824","66.51K","0.19%"
"01/05/2022","0.8836","0.8860","0.8868","0.8813","45.06K","-0.25%"
"01/04/2022","0.8858","0.8852","0.8872","0.8831","47.58K","0.08%"
"01/03/2022","0.8851","0.8798","0.8866","0.8787","33.87K","0.65%"
"12/31/2021","0.8794","0.8832","0.8848","0.8782","25.72K","-0.40%"
"12/30/2021","0.8829","0.8810","0.8851","0.8802","37.87K","0.23%"
"12/29/2021","0.8809","0.8842","0.8871","0.8795","42.45K","-0.34%"
"12/28/2021","0.8839","0.8828","0.8858","0.8823","43.38K","0.15%"
"12/27/2021","0.8826","0.8835","0.8848","0.8822","38.11K","-0.08%"
"12/24/2021","0.8833","0.8827","0.8847","0.8815","47.10K","0.08%"
"12/23/2021","0.8826","0.8830","0.8858","0.8816","58.12K","-0.02%"
"12/22/2021","0.8828","0.8866","0.8878","0.8816","62.74K","-0.36%"
"12/21/2021","0.8860","0.8867","0.8881","0.8847","74.53K","-0.07%"
"12/20/2021","0.8866","0.8895","0.8902","0.8846","80.10K","-0.33%"
"12/17/2021","0.8895","0.8826","0.8901","0.8811","64.50K","0.79%"
"12/16/2021","0.8825","0.8860","0.8865","0.8802","67.61K","-0.37%"
"12/15/2021","0.8858","0.8881","0.8911","0.8850","101.41K","-0.25%"
"12/14/2021","0.8880","0.8862","0.8887","0.8829","153.69K","0.21%"
"12/13/2021","0.8861","0.8837","0.8881","0.8834","75.50K","0.26%"
"12/10/2021","0.8838","0.8855","0.8878","0.8830","89.00K","-0.18%"
"12/09/2021","0.8854","0.8816","0.8867","0.8813","81.41K","0.43%"
"12/08/2021","0.8816","0.8875","0.8878","0.8806","141.96K","-0.65%"
"12/07/2021","0.8874","0.8860","0.8907","0.8849","155.96K","0.17%"
"12/06/2021","0.8859","0.8834","0.8876","0.8834","93.43K","0.26%"
"12/03/2021","0.8836","0.8849","0.8877","0.8823","79.00K","-0.12%"
"12/02/2021","0.8847","0.8834","0.8854","0.8812","85.50K","0.16%"
"12/01/2021","0.8833","0.8820","0.8848","0.8802","117.47K","0.16%"
"11/30/2021","0.8819","0.8856","0.8900","0.8784","128.37K","-0.41%"
"11/29/2021","0.8855","0.8848","0.8882","0.8837","85.22K","0.25%"
"11/26/2021","0.8833","0.8922","0.8924","0.8825","118.35K","-0.99%"
"11/25/2021","0.8921","0.8928","0.8929","0.8904","77.41K","-0.09%"
"11/24/2021","0.8929","0.8891","0.8940","0.8884","81.95K","0.45%"
"11/23/2021","0.8889","0.8899","0.8908","0.8869","94.41K","-0.10%"
"11/22/2021","0.8898","0.8856","0.8905","0.8856","130.39K","0.46%"
"11/19/2021","0.8857","0.8795","0.8889","0.8792","64.96K","0.73%"
"11/18/2021","0.8793","0.8834","0.8839","0.8791","102.38K","-0.46%"
"11/17/2021","0.8834","0.8834","0.8878","0.8824","84.79K","0.02%"
"11/16/2021","0.8832","0.8796","0.8842","0.8782","75.97K","0.43%"
"11/15/2021","0.8794","0.8733","0.8806","0.8723","68.25K","0.72%"
"11/12/2021","0.8731","0.8730","0.8747","0.8724","67.65K","-0.01%"
"11/11/2021","0.8732","0.8709","0.8739","0.8704","52.72K","0.26%"
"11/10/2021","0.8709","0.8626","0.8714","0.8623","77.73K","0.99%"
"11/09/2021","0.8624","0.8629","0.8644","0.8614","59.02K","-0.05%"
"11/08/2021","0.8628","0.8655","0.8658","0.8624","68.43K","-0.19%"
"11/05/2021","0.8644","0.8655","0.8686","0.8640","73.65K","-0.12%"
"11/04/2021","0.8654","0.8612","0.8674","0.8608","81.97K","0.51%"
"11/03/2021","0.8610","0.8637","0.8650","0.8608","84.99K","-0.29%"
"11/02/2021","0.8635","0.8615","0.8640","0.8610","76.22K","0.23%"
"11/01/2021","0.8615","0.8651","0.8662","0.8613","88.67K","-0.37%"
"10/29/2021","0.8647","0.8562","0.8670","0.8554","66.75K","1.03%"
"10/28/2021","0.8559","0.8616","0.8634","0.8552","76.73K","-0.65%"
"10/27/2021","0.8615","0.8623","0.8632","0.8601","58.77K","-0.09%"
"10/26/2021","0.8623","0.8615","0.8632","0.8601","52.40K","0.12%"
"10/25/2021","0.8613","0.8589","0.8628","0.8572","64.09K","0.35%"
"10/22/2021","0.8583","0.8604","0.8605","0.8579","59.50K","-0.22%"
"10/21/2021","0.8602","0.8583","0.8606","0.8571","62.61K","0.24%"
"10/20/2021","0.8581","0.8596","0.8608","0.8577","58.84K","-0.15%"
"10/19/2021","0.8594","0.8612","0.8615","0.8569","54.62K","-0.20%"
"10/18/2021","0.8611","0.8623","0.8643","0.8603","80.36K","-0.09%"
"10/15/2021","0.8619","0.8622","0.8630","0.8605","77.65K","-0.03%"
"10/14/2021","0.8622","0.8626","0.8633","0.8602","47.44K","-0.03%"
"10/13/2021","0.8625","0.8674","0.8676","0.8622","81.90K","-0.54%"
"10/12/2021","0.8672","0.8655","0.8677","0.8643","49.29K","0.18%"
"10/11/2021","0.8656","0.8637","0.8659","0.8630","61.78K","0.16%"
"10/08/2021","0.8642","0.8658","0.8665","0.8632","55.79K","-0.15%"
"10/07/2021","0.8655","0.8654","0.8660","0.8641","58.87K","0.05%"
"10/06/2021","0.8651","0.8619","0.8674","0.8616","68.60K","0.35%"
"10/05/2021","0.8621","0.8604","0.8636","0.8603","67.91K","0.21%"
"10/04/2021","0.8603","0.8626","0.8630","0.8590","52.38K","-0.22%"
"10/01/2021","0.8622","0.8634","0.8649","0.8615","51.54K","-0.12%"
"09/30/2021","0.8632","0.8623","0.8649","0.8612","73.40K","0.13%"
"09/29/2021","0.8621","0.8559","0.8629","0.8554","66.60K","0.74%"
"09/28/2021","0.8558","0.8550","0.8571","0.8544","74.31K","0.11%"
"09/27/2021","0.8549","0.8529","0.8558","0.8526","60.19K","0.18%"
"09/24/2021","0.8534","0.8519","0.8547","0.8512","75.21K","0.19%"
"09/23/2021","0.8518","0.8558","0.8559","0.8510","70.89K","-0.42%"
"09/22/2021","0.8554","0.8529","0.8559","0.8506","74.06K","0.32%"
"09/21/2021","0.8527","0.8529","0.8536","0.8510","67.77K","0.01%"
"09/20/2021","0.8526","0.8523","0.8547","0.8520","68.96K","0.00%"
"09/17/2021","0.8526","0.8502","0.8530","0.8482","66.23K","0.33%"
"09/16/2021","0.8498","0.8464","0.8510","0.8459","91.38K","0.44%"
"09/15/2021","0.8461","0.8471","0.8476","0.8451","66.94K","-0.11%"
"09/14/2021","0.8470","0.8466","0.8475","0.8441","69.12K","0.05%"
"09/13/2021","0.8466","0.8465","0.8497","0.8461","51.85K","0.04%"
"09/10/2021","0.8463","0.8456","0.8468","0.8438","66.66K","0.09%"
"09/09/2021","0.8455","0.8462","0.8471","0.8444","60.73K","-0.08%"
"09/08/2021","0.8462","0.8446","0.8474","0.8438","79.42K","0.20%"
"09/07/2021","0.8445","0.8425","0.8448","0.8414","72.58K","0.26%"
"09/06/2021","0.8423","0.8418","0.8436","0.8412","49.82K","0.10%"
"09/03/2021","0.8415","0.8421","0.8428","0.8397","84.79K","-0.06%"
"09/02/2021","0.8420","0.8446","0.8450","0.8419","62.57K","-0.31%"
"09/01/2021","0.8446","0.8468","0.8479","0.8433","75.94K","-0.25%"
"08/31/2021","0.8467","0.8476","0.8479","0.8440","72.91K","-0.09%"
"08/30/2021","0.8475","0.8479","0.8487","0.8467","52.84K","-0.02%"
"08/27/2021","0.8477","0.8510","0.8522","0.8472","96.31K","-0.36%"
"08/26/2021","0.8508","0.8495","0.8514","0.8489","76.19K","0.18%"
"08/25/2021","0.8493","0.8508","0.8529","0.8492","77.10K","-0.15%"
"08/24/2021","0.8506","0.8514","0.8528","0.8500","47.89K","-0.08%"
"08/23/2021","0.8513","0.8551","0.8553","0.8510","55.86K","-0.41%"
"08/20/2021","0.8548","0.8565","0.8574","0.8543","60.24K","-0.18%"
"08/19/2021","0.8563","0.8539","0.8572","0.8535","77.27K","0.30%"
"08/18/2021","0.8537","0.8540","0.8552","0.8515","71.01K","-0.02%"
"08/17/2021","0.8539","0.8492","0.8541","0.8485","66.42K","0.60%"
"08/16/2021","0.8488","0.8479","0.8498","0.8474","67.85K","0.12%"
"08/13/2021","0.8478","0.8526","0.8527","0.8471","61.35K","-0.54%"
"08/12/2021","0.8524","0.8519","0.8530","0.8511","71.78K","0.08%"
"08/11/2021","0.8517","0.8533","0.8543","0.8508","64.43K","-0.16%"
"08/10/2021","0.8531","0.8519","0.8540","0.8515","110.03K","0.16%"
"08/09/2021","0.8517","0.8502","0.8522","0.8497","75.77K","0.19%"
"08/06/2021","0.8501","0.8450","0.8508","0.8449","64.10K","0.62%"
"08/05/2021","0.8449","0.8449","0.8455","0.8433","77.62K","0.02%"
"08/04/2021","0.8447","0.8429","0.8451","0.8403","71.34K","0.21%"
"08/03/2021","0.8429","0.8426","0.8436","0.8407","57.11K","0.06%"
"08/02/2021","0.8424","0.8429","0.8433","0.8405","46.14K","0.01%"
"07/30/2021","0.8423","0.8411","0.8438","0.8396","60.74K","0.15%"
"07/29/2021","0.8410","0.8443","0.8446","0.8408","80.60K","-0.38%"
"07/28/2021","0.8442","0.8462","0.8494","0.8439","93.67K","-0.24%"
"07/27/2021","0.8462","0.8472","0.8497","0.8445","64.66K","-0.12%"
"07/26/2021","0.8472","0.8490","0.8501","0.8461","49.61K","-0.25%"
"07/23/2021","0.8493","0.8497","0.8508","0.8483","72.94K","-0.02%"
"07/22/2021","0.8495","0.8479","0.8505","0.8453","61.50K","0.21%"
"07/21/2021","0.8477","0.8487","0.8510","0.8471","63.86K","-0.12%"
"07/20/2021","0.8487","0.8474","0.8507","0.8471","97.72K","0.17%"
"07/19/2021","0.8473","0.8468","0.8501","0.8457","77.07K","0.06%"
"07/16/2021","0.8468","0.8464","0.8481","0.8458","71.21K","0.06%"
"07/15/2021","0.8463","0.8449","0.8478","0.8438","75.96K","0.19%"
"07/14/2021","0.8447","0.8492","0.8495","0.8446","53.48K","-0.51%"
"07/13/2021","0.8490","0.8431","0.8495","0.8421","57.96K","0.71%"
"07/12/2021","0.8430","0.8424","0.8449","0.8417","73.86K","0.12%"
"07/09/2021","0.8420","0.8443","0.8457","0.8416","51.08K","-0.26%"
"07/08/2021","0.8442","0.8480","0.8487","0.8426","59.00K","-0.45%"
"07/07/2021","0.8480","0.8457","0.8488","0.8446","57.92K","0.28%"
"07/06/2021","0.8456","0.8429","0.8470","0.8407","90.38K","0.33%"
"07/05/2021","0.8428","0.8431","0.8438","0.8417","51.44K","0.02%"
"07/02/2021","0.8426","0.8439","0.8470","0.8421","62.36K","-0.13%"
"07/01/2021","0.8437","0.8432","0.8448","0.8414","53.04K","0.05%"
"06/30/2021","0.8433","0.8406","0.8443","0.8396","60.66K","0.35%"
"06/29/2021","0.8404","0.8385","0.8419","0.8381","57.48K","0.24%"
"06/28/2021","0.8384","0.8378","0.8402","0.8371","51.12K","0.08%"
"06/25/2021","0.8377","0.8381","0.8385","0.8350","61.85K","-0.02%"
"06/24/2021","0.8379","0.8385","0.8391","0.8364","77.34K","-0.06%"
"06/23/2021","0.8384","0.8376","0.8396","0.8354","64.06K","0.12%"
"06/22/2021","0.8374","0.8392","0.8417","0.8366","76.87K","-0.20%"
"06/21/2021","0.8391","0.8426","0.8441","0.8388","107.09K","-0.45%"
"06/18/2021","0.8429","0.8397","0.8441","0.8385","101.78K","0.39%"
"06/17/2021","0.8396","0.8336","0.8409","0.8328","88.23K","0.71%"
"06/16/2021","0.8337","0.8246","0.8338","0.8240","79.83K","1.12%"
"06/15/2021","0.8245","0.8252","0.8264","0.8231","61.73K","-0.06%"
"06/14/2021","0.8250","0.8257","0.8269","0.8243","49.58K","-0.10%"
"06/11/2021","0.8258","0.8217","0.8270","0.8199","79.62K","0.52%"
"06/10/2021","0.8215","0.8210","0.8236","0.8200","77.81K","0.07%"
"06/09/2021","0.8209","0.8215","0.8217","0.8184","58.04K","-0.06%"
"06/08/2021","0.8214","0.8203","0.8221","0.8200","58.82K","0.13%"
"06/07/2021","0.8203","0.8219","0.8234","0.8195","47.63K","-0.18%"
"06/04/2021","0.8218","0.8245","0.8262","0.8206","63.12K","-0.33%"
"06/03/2021","0.8245","0.8190","0.8253","0.8186","59.68K","0.70%"
"06/02/2021","0.8188","0.8188","0.8221","0.8178","67.04K","0.01%"
"06/01/2021","0.8187","0.8178","0.8189","0.8160","73.68K","0.12%"
"05/31/2021","0.8177","0.8202","0.8208","0.8175","75.22K","-0.28%"
"05/28/2021","0.8200","0.8201","0.8242","0.8193","66.94K","0.01%"
"05/27/2021","0.8199","0.8202","0.8214","0.8186","88.02K","-0.02%"
"05/26/2021","0.8201","0.8163","0.8209","0.8154","81.36K","0.49%"
"05/25/2021","0.8161","0.8188","0.8189","0.8152","94.45K","-0.31%"
"05/24/2021","0.8186","0.8212","0.8216","0.8176","89.84K","-0.27%"
"05/21/2021","0.8208","0.8177","0.8223","0.8170","98.55K","0.38%"
"05/20/2021","0.8177","0.8217","0.8218","0.8177","101.34K","-0.44%"
"05/19/2021","0.8213","0.8182","0.8224","0.8166","97.65K","0.39%"
"05/18/2021","0.8181","0.8228","0.8230","0.8174","90.30K","-0.56%"
"05/17/2021","0.8227","0.8238","0.8247","0.8217","84.67K","-0.10%"
"05/14/2021","0.8235","0.8278","0.8285","0.8230","76.08K","-0.51%"
"05/13/2021","0.8277","0.8285","0.8298","0.8259","98.85K","-0.06%"
"05/12/2021","0.8282","0.8231","0.8288","0.8229","102.13K","0.63%"
"05/11/2021","0.8230","0.8245","0.8249","0.8209","118.04K","-0.16%"
"05/10/2021","0.8243","0.8223","0.8246","0.8211","110.40K","0.28%"
"05/07/2021","0.8220","0.8288","0.8297","0.8215","89.19K","-0.80%"
"05/06/2021","0.8286","0.8330","0.8339","0.8283","108.32K","-0.50%"
"05/05/2021","0.8328","0.8324","0.8343","0.8314","121.93K","0.07%"
"05/04/2021","0.8322","0.8289","0.8334","0.8288","113.78K","0.41%"
"05/03/2021","0.8288","0.8311","0.8325","0.8281","68.48K","-0.36%"
"04/30/2021","0.8318","0.8253","0.8322","0.8246","94.17K","0.84%"
"04/29/2021","0.8249","0.8246","0.8263","0.8230","104.13K","0.04%"
"04/28/2021","0.8246","0.8270","0.8295","0.8240","87.02K","-0.28%"
"04/27/2021","0.8269","0.8278","0.8295","0.8269","117.36K","-0.08%"
"04/26/2021","0.8276","0.8269","0.8292","0.8253","94.15K","0.15%"
"04/23/2021","0.8264","0.8323","0.8325","0.8264","94.70K","-0.70%"
"04/22/2021","0.8322","0.8309","0.8339","0.8285","114.06K","0.17%"
"04/21/2021","0.8308","0.8307","0.8335","0.8303","116.32K","0.00%"
"04/20/2021","0.8308","0.8309","0.8318","0.8278","109.15K","0.00%"
"04/19/2021","0.8308","0.8345","0.8374","0.8299","82.28K","-0.41%"
"04/16/2021","0.8342","0.8357","0.8368","0.8336","107.29K","-0.16%"
"04/15/2021","0.8355","0.8347","0.8364","0.8337","127.72K","0.11%"
"04/14/2021","0.8346","0.8370","0.8371","0.8342","108.55K","-0.26%"
"04/13/2021","0.8368","0.8396","0.8419","0.8364","104.19K","-0.31%"
"04/12/2021","0.8394","0.8410","0.8424","0.8389","97.85K","-0.07%"
"04/09/2021","0.8400","0.8395","0.8427","0.8389","83.39K","0.08%"
"04/08/2021","0.8393","0.8426","0.8431","0.8383","87.06K","-0.34%"
"04/07/2021","0.8422","0.8421","0.8431","0.8392","105.52K","0.04%"
"04/06/2021","0.8419","0.8464","0.8478","0.8419","81.85K","-0.53%"
"04/05/2021","0.8464","0.8503","0.8520","0.8460","39.42K","-0.41%"
"04/02/2021","0.8499","0.8492","0.8512","0.8483","46.83K","0.11%"
"04/01/2021","0.8490","0.8525","0.8538","0.8489","114.05K","-0.40%"
"03/31/2021","0.8524","0.8536","0.8544","0.8503","109.16K","-0.12%"
"03/30/2021","0.8534","0.8500","0.8539","0.8493","73.52K","0.41%"
"03/29/2021","0.8499","0.8479","0.8503","0.8476","84.18K","0.25%"
"03/26/2021","0.8478","0.8501","0.8501","0.8471","101.87K","-0.26%"
"03/25/2021","0.8500","0.8465","0.8502","0.8454","109.83K","0.41%"
"03/24/2021","0.8465","0.8439","0.8468","0.8436","124.61K","0.33%"
"03/23/2021","0.8437","0.8381","0.8445","0.8374","94.56K","0.72%"
"03/22/2021","0.8377","0.8404","0.8424","0.8370","99.73K","-0.27%"
"03/19/2021","0.8400","0.8393","0.8422","0.8376","108.42K","0.10%"
"03/18/2021","0.8392","0.8348","0.8399","0.8341","98.75K","0.54%"
"03/17/2021","0.8347","0.8400","0.8414","0.8343","101.58K","-0.64%"
"03/16/2021","0.8401","0.8383","0.8416","0.8367","96.88K","0.24%"
"03/15/2021","0.8381","0.8367","0.8396","0.8355","96.80K","0.20%"
"03/12/2021","0.8364","0.8346","0.8397","0.8341","107.51K","0.26%"
"03/11/2021","0.8342","0.8385","0.8392","0.8340","104.72K","-0.49%"
"03/10/2021","0.8383","0.8403","0.8426","0.8382","111.86K","-0.23%"
"03/09/2021","0.8402","0.8441","0.8450","0.8392","127.75K","-0.46%"
"03/08/2021","0.8441","0.8388","0.8443","0.8380","119.38K","0.61%"
"03/05/2021","0.8390","0.8356","0.8408","0.8348","121.58K","0.43%"
"03/04/2021","0.8354","0.8289","0.8360","0.8287","130.05K","0.80%"
"03/03/2021","0.8288","0.8270","0.8304","0.8255","125.20K","0.23%"
"03/02/2021","0.8269","0.8299","0.8339","0.8268","117.17K","-0.35%"
"03/01/2021","0.8298","0.8278","0.8314","0.8263","138.89K","0.22%"
"02/26/2021","0.8280","0.8213","0.8291","0.8206","158.34K","0.84%"
"02/25/2021","0.8211","0.8220","0.8227","0.8168","179.31K","-0.11%"
"02/24/2021","0.8220","0.8231","0.8259","0.8213","130.68K","-0.12%"
"02/23/2021","0.8230","0.8227","0.8241","0.8210","149.82K","0.06%"
"02/22/2021","0.8225","0.8253","0.8271","0.8217","111.59K","-0.30%"
"02/19/2021","0.8250","0.8270","0.8277","0.8234","128.46K","-0.24%"
"02/18/2021","0.8270","0.8307","0.8309","0.8268","126.81K","-0.43%"
"02/17/2021","0.8306","0.8260","0.8318","0.8257","134.24K","0.58%"
"02/16/2021","0.8258","0.8245","0.8268","0.8217","123.99K","0.18%"
"02/15/2021","0.8243","0.8249","0.8253","0.8234","86.10K","-0.07%"
"02/12/2021","0.8249","0.8244","0.8278","0.8240","96.59K","0.07%"
"02/11/2021","0.8243","0.8253","0.8256","0.8231","103.48K","-0.10%"
"02/10/2021","0.8251","0.8252","0.8259","0.8234","125.15K","0.01%"
"02/09/2021","0.8250","0.8299","0.8303","0.8249","134.12K","-0.59%"
"02/08/2021","0.8299","0.8304","0.8321","0.8287","150.87K","-0.04%"
"02/05/2021","0.8302","0.8359","0.8367","0.8298","106.01K","-0.68%"
"02/04/2021","0.8359","0.8310","0.8364","0.8303","116.51K","0.59%"
"02/03/2021","0.8310","0.8303","0.8332","0.8298","140.65K","0.10%"
"02/02/2021","0.8302","0.8293","0.8326","0.8272","165.35K","0.13%"
"02/01/2021","0.8291","0.8238","0.8296","0.8234","150.23K","0.63%"
"01/29/2021","0.8239","0.8249","0.8270","0.8226","181.14K","-0.10%"
"01/28/2021","0.8247","0.8257","0.8278","0.8236","194.46K","-0.11%"
"01/27/2021","0.8256","0.8224","0.8294","0.8217","149.64K","0.41%"
"01/26/2021","0.8222","0.8238","0.8259","0.8213","110.11K","-0.18%"
"01/25/2021","0.8237","0.8219","0.8254","0.8207","109.57K","0.23%"
"01/22/2021","0.8218","0.8221","0.8230","0.8203","108.28K","-0.02%"
"01/21/2021","0.8220","0.8260","0.8263","0.8214","118.93K","-0.47%"
"01/20/2021","0.8259","0.8245","0.8281","0.8225","111.47K","0.18%"
"01/19/2021","0.8244","0.8280","0.8283","0.8234","98.73K","-0.41%"
"01/18/2021","0.8278","0.8274","0.8296","0.8270","91.54K","0.01%"
"01/15/2021","0.8277","0.8227","0.8282","0.8221","105.00K","0.64%"
"01/14/2021","0.8224","0.8225","0.8257","0.8211","100.47K","-0.01%"
"01/13/2021","0.8225","0.8191","0.8238","0.8181","103.13K","0.42%"
"01/12/2021","0.8191","0.8229","0.8240","0.8190","117.45K","-0.45%"
"01/11/2021","0.8228","0.8185","0.8243","0.8178","123.21K","0.55%"
"01/08/2021","0.8183","0.8148","0.8202","0.8140","99.67K","0.44%"
"01/07/2021","0.8147","0.8113","0.8167","0.8099","109.24K","0.44%"
"01/06/2021","0.8111","0.8133","0.8153","0.8098","109.23K","-0.23%"
"01/05/2021","0.8130","0.8166","0.8166","0.8126","107.74K","-0.39%"
"01/04/2021","0.8162","0.8176","0.8181","0.8123","100.67K","-0.62%"
"01/01/2021","0.8213","0.8235","0.8250","0.8183","","0.34%"
"12/31/2020","0.8185","0.8131","0.8191","0.8123","89.06K","0.66%"
"12/30/2020","0.8131","0.8164","0.8166","0.8123","104.54K","-0.39%"
"12/29/2020","0.8163","0.8185","0.8192","0.8146","98.52K","-0.26%"
"12/28/2020","0.8184","0.8195","0.8210","0.8163","77.76K","-0.09%"
"12/25/2020","0.8191","0.8206","0.8220","0.8188","14.42K","-0.17%"
"12/24/2020","0.8205","0.8205","0.8213","0.8186","134.45K","0.01%"
"12/23/2020","0.8204","0.8221","0.8228","0.8182","197.63K","-0.19%"
"12/22/2020","0.8220","0.8167","0.8229","0.8158","179.41K","0.65%"
"12/21/2020","0.8167","0.8169","0.8244","0.8161","162.42K","0.12%"
"12/18/2020","0.8157","0.8152","0.8180","0.8148","103.62K","0.09%"
"12/17/2020","0.8150","0.8198","0.8203","0.8148","118.83K","-0.56%"
"12/16/2020","0.8196","0.8229","0.8248","0.8188","141.79K","-0.38%"
"12/15/2020","0.8227","0.8235","0.8250","0.8217","121.00K","-0.07%"
"12/14/2020","0.8233","0.8243","0.8254","0.8212","92.55K","-0.25%"
"12/11/2020","0.8254","0.8239","0.8261","0.8221","86.53K","0.21%"
"12/10/2020","0.8237","0.8276","0.8282","0.8224","94.87K","-0.47%"
"12/09/2020","0.8276","0.8263","0.8293","0.8231","134.03K","0.18%"
"12/08/2020","0.8261","0.8257","0.8268","0.8241","150.89K","0.05%"
"12/07/2020","0.8257","0.8245","0.8280","0.8219","130.83K","0.11%"
"12/04/2020","0.8248","0.8234","0.8257","0.8211","131.09K","0.17%"
"12/03/2020","0.8234","0.8253","0.8264","0.8213","132.12K","-0.23%"
"12/02/2020","0.8253","0.8285","0.8306","0.8251","105.23K","-0.37%"
"12/01/2020","0.8284","0.8383","0.8385","0.8280","100.31K","-1.16%"
"11/30/2020","0.8381","0.8363","0.8387","0.8330","74.00K","0.28%"
"11/27/2020","0.8358","0.8395","0.8399","0.8357","72.27K","-0.41%"
"11/26/2020","0.8392","0.8392","0.8414","0.8374","78.64K","0.00%"
"11/25/2020","0.8392","0.8411","0.8417","0.8382","105.99K","-0.19%"
"11/24/2020","0.8408","0.8444","0.8449","0.8406","96.60K","-0.44%"
"11/23/2020","0.8445","0.8436","0.8475","0.8399","86.12K","0.13%"
"11/20/2020","0.8434","0.8421","0.8439","0.8409","103.33K","0.17%"
"11/19/2020","0.8420","0.8436","0.8463","0.8415","113.76K","-0.18%"
"11/18/2020","0.8435","0.8429","0.8440","0.8409","129.04K","0.08%"
"11/17/2020","0.8428","0.8438","0.8444","0.8407","87.18K","-0.08%"
"11/16/2020","0.8435","0.8454","0.8465","0.8425","84.28K","-0.17%"
"11/13/2020","0.8449","0.8471","0.8476","0.8447","117.64K","-0.24%"
"11/12/2020","0.8469","0.8492","0.8505","0.8458","136.54K","-0.25%"
"11/11/2020","0.8490","0.8468","0.8515","0.8450","141.99K","0.33%"
"11/10/2020","0.8462","0.8466","0.8489","0.8443","164.32K","-0.02%"
"11/09/2020","0.8464","0.8417","0.8479","0.8389","151.73K","0.52%"
"11/06/2020","0.8420","0.8458","0.8479","0.8409","133.32K","-0.40%"
"11/05/2020","0.8454","0.8528","0.8539","0.8431","124.20K","-0.86%"
"11/04/2020","0.8527","0.8536","0.8618","0.8497","143.65K","-0.08%"
"11/03/2020","0.8534","0.8590","0.8596","0.8518","89.57K","-0.64%"
"11/02/2020","0.8589","0.8577","0.8605","0.8577","87.86K","0.07%"
"10/30/2020","0.8583","0.8566","0.8591","0.8543","116.35K","0.21%"
"10/29/2020","0.8565","0.8514","0.8584","0.8504","148.26K","0.60%"
"10/28/2020","0.8514","0.8478","0.8534","0.8476","110.99K","0.44%"
"10/27/2020","0.8477","0.8468","0.8480","0.8446","87.25K","0.12%"
"10/26/2020","0.8467","0.8433","0.8473","0.8431","84.54K","0.44%"
"10/23/2020","0.8430","0.8461","0.8484","0.8428","99.23K","-0.35%"
"10/22/2020","0.8460","0.8429","0.8466","0.8426","92.34K","0.36%"
"10/21/2020","0.8430","0.8458","0.8460","0.8417","102.14K","-0.32%"
"10/20/2020","0.8457","0.8497","0.8504","0.8445","80.90K","-0.48%"
"10/19/2020","0.8498","0.8532","0.8545","0.8479","79.03K","-0.40%"
"10/16/2020","0.8532","0.8541","0.8552","0.8513","99.82K","-0.09%"
"10/15/2020","0.8540","0.8512","0.8555","0.8504","93.65K","0.33%"
"10/14/2020","0.8512","0.8514","0.8533","0.8495","102.00K","0.00%"
"10/13/2020","0.8512","0.8465","0.8525","0.8462","109.71K","0.57%"
"10/12/2020","0.8464","0.8461","0.8485","0.8455","93.74K","0.11%"
"10/09/2020","0.8455","0.8504","0.8509","0.8451","80.07K","-0.56%"
"10/08/2020","0.8503","0.8502","0.8523","0.8487","123.24K","0.02%"
"10/07/2020","0.8501","0.8522","0.8529","0.8487","110.95K","-0.23%"
"10/06/2020","0.8521","0.8487","0.8524","0.8468","116.86K","0.42%"
"10/05/2020","0.8485","0.8536","0.8542","0.8476","89.85K","-0.57%"
"10/02/2020","0.8534","0.8512","0.8550","0.8510","133.92K","0.28%"
"10/01/2020","0.8510","0.8533","0.8535","0.8496","124.50K","-0.25%"
"09/30/2020","0.8531","0.8516","0.8558","0.8507","97.74K","0.20%"
"09/29/2020","0.8514","0.8572","0.8576","0.8513","83.24K","-0.65%"
"09/28/2020","0.8570","0.8593","0.8610","0.8561","67.39K","-0.29%"
"09/25/2020","0.8595","0.8569","0.8612","0.8558","110.25K","0.35%"
"09/24/2020","0.8565","0.8576","0.8601","0.8555","137.59K","-0.10%"
"09/23/2020","0.8574","0.8540","0.8583","0.8533","138.95K","0.40%"
"09/22/2020","0.8540","0.8496","0.8553","0.8493","126.68K","0.54%"
"09/21/2020","0.8494","0.8440","0.8525","0.8423","138.82K","0.58%"
"09/18/2020","0.8445","0.8440","0.8456","0.8424","101.56K","0.07%"
"09/17/2020","0.8439","0.8464","0.8521","0.8436","120.76K","-0.27%"
"09/16/2020","0.8462","0.8439","0.8483","0.8415","99.17K","0.26%"
"09/15/2020","0.8440","0.8429","0.8446","0.8403","74.09K","0.18%"
"09/14/2020","0.8425","0.8446","0.8454","0.8411","66.10K","-0.18%"
"09/11/2020","0.8440","0.8464","0.8466","0.8421","85.26K","-0.26%"
"09/10/2020","0.8462","0.8474","0.8475","0.8391","97.14K","-0.12%"
"09/09/2020","0.8472","0.8489","0.8509","0.8450","107.96K","-0.21%"
"09/08/2020","0.8490","0.8462","0.8500","0.8454","108.81K","0.34%"
"09/07/2020","0.8461","0.8451","0.8466","0.8439","72.67K","0.19%"
"09/04/2020","0.8445","0.8439","0.8489","0.8428","99.67K","0.09%"
"09/03/2020","0.8437","0.8438","0.8483","0.8428","106.37K","0.04%"
"09/02/2020","0.8434","0.8396","0.8459","0.8382","102.49K","0.49%"
"09/01/2020","0.8393","0.8378","0.8403","0.8325","103.88K","0.19%"
"08/31/2020","0.8377","0.8404","0.8415","0.8357","86.89K","-0.25%"
"08/28/2020","0.8398","0.8458","0.8467","0.8389","95.95K","-0.71%"
"08/27/2020","0.8458","0.8453","0.8502","0.8402","104.95K","0.07%"
"08/26/2020","0.8452","0.8450","0.8495","0.8446","99.77K","0.04%"
"08/25/2020","0.8449","0.8479","0.8487","0.8443","99.43K","-0.39%"
"08/24/2020","0.8482","0.8483","0.8486","0.8439","86.28K","0.08%"
"08/21/2020","0.8475","0.8432","0.8508","0.8415","98.56K","0.53%"
"08/20/2020","0.8430","0.8446","0.8474","0.8425","114.05K","-0.20%"
"08/19/2020","0.8447","0.8382","0.8454","0.8366","110.24K","0.79%"
"08/18/2020","0.8381","0.8424","0.8428","0.8357","104.99K","-0.51%"
"08/17/2020","0.8424","0.8446","0.8454","0.8417","86.60K","-0.23%"
"08/14/2020","0.8443","0.8464","0.8487","0.8438","78.13K","-0.24%"
"08/13/2020","0.8463","0.8485","0.8489","0.8428","93.34K","-0.26%"
"08/12/2020","0.8485","0.8518","0.8539","0.8464","81.07K","-0.38%"
"08/11/2020","0.8517","0.8520","0.8531","0.8469","101.79K","-0.01%"
"08/10/2020","0.8518","0.8483","0.8521","0.8473","87.41K","0.42%"
"08/07/2020","0.8482","0.8419","0.8507","0.8414","102.81K","0.75%"
"08/06/2020","0.8419","0.8429","0.8462","0.8392","121.22K","-0.11%"
"08/05/2020","0.8428","0.8474","0.8480","0.8399","106.24K","-0.51%"
"08/04/2020","0.8471","0.8500","0.8532","0.8469","90.12K","-0.34%"
"08/03/2020","0.8500","0.8486","0.8550","0.8476","97.01K","0.14%"
"07/31/2020","0.8488","0.8442","0.8504","0.8397","111.28K","0.57%"
"07/30/2020","0.8440","0.8483","0.8525","0.8439","119.56K","-0.46%"
"07/29/2020","0.8479","0.8533","0.8537","0.8469","99.77K","-0.64%"
"07/28/2020","0.8534","0.8508","0.8548","0.8493","103.30K","0.29%"
"07/27/2020","0.8509","0.8587","0.8594","0.8487","102.17K","-0.80%"
"07/24/2020","0.8578","0.8622","0.8635","0.8577","107.48K","-0.51%"
"07/23/2020","0.8622","0.8640","0.8666","0.8600","101.83K","-0.23%"
"07/22/2020","0.8642","0.8676","0.8691","0.8619","98.98K","-0.37%"
"07/21/2020","0.8674","0.8735","0.8755","0.8665","91.41K","-0.70%"
"07/20/2020","0.8735","0.8765","0.8771","0.8719","91.33K","-0.16%"
"07/17/2020","0.8749","0.8784","0.8789","0.8738","104.77K","-0.39%"
"07/16/2020","0.8783","0.8763","0.8795","0.8739","117.85K","0.24%"
"07/15/2020","0.8762","0.8771","0.8779","0.8732","114.09K","-0.11%"
"07/14/2020","0.8772","0.8816","0.8831","0.8765","122.19K","-0.48%"
"07/13/2020","0.8814","0.8850","0.8852","0.8791","94.59K","-0.38%"
"07/10/2020","0.8848","0.8863","0.8885","0.8830","92.41K","-0.15%"
"07/09/2020","0.8861","0.8827","0.8866","0.8794","102.92K","0.41%"
"07/08/2020","0.8825","0.8870","0.8880","0.8809","114.71K","-0.51%"
"07/07/2020","0.8870","0.8844","0.8882","0.8824","118.91K","0.32%"
"07/06/2020","0.8842","0.8895","0.8896","0.8813","92.46K","-0.53%"
"07/03/2020","0.8889","0.8896","0.8914","0.8886","117.33K","-0.09%"
"07/02/2020","0.8897","0.8888","0.8910","0.8847","109.99K","0.12%"
"07/01/2020","0.8886","0.8903","0.8941","0.8869","98.49K","-0.17%"
"06/30/2020","0.8901","0.8895","0.8936","0.8879","125.66K","0.08%"
"06/29/2020","0.8894","0.8907","0.8916","0.8858","120.44K","-0.20%"
"06/26/2020","0.8912","0.8913","0.8933","0.8896","117.83K","-0.01%"
"06/25/2020","0.8913","0.8888","0.8936","0.8880","130.06K","0.29%"
"06/24/2020","0.8887","0.8843","0.8891","0.8829","121.53K","0.51%"
"06/23/2020","0.8842","0.8881","0.8903","0.8810","131.87K","-0.42%"
"06/22/2020","0.8879","0.8941","0.8954","0.8873","109.67K","-0.74%"
"06/19/2020","0.8945","0.8924","0.8954","0.8885","122.27K","0.22%"
"06/18/2020","0.8925","0.8893","0.8940","0.8878","125.42K","0.37%"
"06/17/2020","0.8892","0.8878","0.8924","0.8853","137.08K","0.18%"
"06/16/2020","0.8876","0.8832","0.8907","0.8808","120.58K","0.52%"
"06/15/2020","0.8830","0.8892","0.8908","0.8823","127.37K","-0.60%"
"06/12/2020","0.8883","0.8850","0.8919","0.8817","119.07K","0.38%"
"06/11/2020","0.8849","0.8792","0.8860","0.8769","144.07K","0.64%"
"06/10/2020","0.8793","0.8816","0.8832","0.8755","120.98K","-0.28%"
"06/09/2020","0.8818","0.8852","0.8896","0.8798","119.40K","-0.40%"
"06/08/2020","0.8853","0.8859","0.8875","0.8834","92.17K","-0.07%"
"06/05/2020","0.8859","0.8820","0.8867","0.8784","118.69K","0.46%"
"06/04/2020","0.8818","0.8902","0.8933","0.8801","123.94K","-0.92%"
"06/03/2020","0.8900","0.8951","0.8956","0.8883","136.51K","-0.56%"
"06/02/2020","0.8950","0.8979","0.8997","0.8931","128.72K","-0.33%"
"06/01/2020","0.8980","0.9011","0.9013","0.8965","103.97K","-0.32%"
"05/29/2020","0.9009","0.9028","0.9034","0.8971","119.66K","-0.19%"
"05/28/2020","0.9026","0.9087","0.9099","0.9014","121.59K","-0.65%"
"05/27/2020","0.9085","0.9105","0.9146","0.9065","123.60K","-0.22%"
"05/26/2020","0.9105","0.9175","0.9182","0.9094","100.33K","-0.74%"
"05/25/2020","0.9173","0.9172","0.9200","0.9161","65.12K","0.01%"
"05/22/2020","0.9172","0.9133","0.9187","0.9123","118.98K","0.45%"
"05/21/2020","0.9131","0.9108","0.9143","0.9083","109.50K","0.26%"
"05/20/2020","0.9107","0.9151","0.9160","0.9091","118.50K","-0.50%"
"05/19/2020","0.9153","0.9164","0.9173","0.9110","112.06K","-0.11%"
"05/18/2020","0.9163","0.9245","0.9259","0.9151","90.58K","-0.89%"
"05/15/2020","0.9245","0.9255","0.9269","0.9215","98.48K","-0.10%"
"05/14/2020","0.9254","0.9244","0.9281","0.9237","115.47K","0.12%"
"05/13/2020","0.9243","0.9219","0.9250","0.9177","119.99K","0.28%"
"05/12/2020","0.9217","0.9254","0.9273","0.9186","125.12K","-0.37%"
"05/11/2020","0.9251","0.9226","0.9259","0.9216","96.78K","0.29%"
"05/08/2020","0.9224","0.9231","0.9247","0.9194","104.97K","-0.04%"
"05/07/2020","0.9228","0.9263","0.9288","0.9229","109.25K","-0.38%"
"05/06/2020","0.9263","0.9225","0.9275","0.9218","106.06K","0.39%"
"05/05/2020","0.9227","0.9168","0.9237","0.9152","100.33K","0.67%"
"05/04/2020","0.9166","0.9107","0.9179","0.9107","87.75K","0.67%"
"05/01/2020","0.9105","0.9128","0.9146","0.9075","91.35K","-0.22%"
"04/30/2020","0.9125","0.9198","0.9232","0.9114","122.44K","-0.75%"
"04/29/2020","0.9194","0.9243","0.9244","0.9186","131.41K","-0.50%"
"04/28/2020","0.9240","0.9234","0.9251","0.9183","132.70K","0.09%"
"04/27/2020","0.9232","0.9252","0.9252","0.9206","113.19K","-0.08%"
"04/24/2020","0.9239","0.9278","0.9323","0.9233","119.65K","-0.40%"
"04/23/2020","0.9276","0.9239","0.9298","0.9219","121.04K","0.40%"
"04/22/2020","0.9239","0.9211","0.9258","0.9186","114.98K","0.34%"
"04/21/2020","0.9208","0.9207","0.9246","0.9190","121.51K","0.03%"
"04/20/2020","0.9205","0.9196","0.9225","0.9176","114.31K","0.11%"
"04/17/2020","0.9195","0.9230","0.9250","0.9180","129.16K","-0.34%"
"04/16/2020","0.9226","0.9165","0.9245","0.9163","128.71K","0.67%"
"04/15/2020","0.9165","0.9107","0.9211","0.9098","111.31K","0.66%"
"04/14/2020","0.9105","0.9161","0.9171","0.9101","110.47K","-0.61%"
"04/13/2020","0.9161","0.9140","0.9181","0.9117","62.17K","0.21%"
"04/10/2020","0.9142","0.9149","0.9159","0.9130","62.11K","-0.07%"
"04/09/2020","0.9148","0.9211","0.9225","0.9130","116.28K","-0.65%"
"04/08/2020","0.9208","0.9182","0.9234","0.9172","128.09K","0.31%"
"04/07/2020","0.9180","0.9265","0.9273","0.9153","140.12K","-0.91%"
"04/06/2020","0.9264","0.9247","0.9287","0.9229","115.26K","0.14%"
"04/03/2020","0.9251","0.9209","0.9283","0.9204","114.66K","0.47%"
"04/02/2020","0.9208","0.9121","0.9241","0.9116","131.83K","0.98%"
"04/01/2020","0.9119","0.9065","0.9172","0.9058","127.78K","0.61%"
"03/31/2020","0.9064","0.9053","0.9153","0.9045","132.03K","0.15%"
"03/30/2020","0.9050","0.8979","0.9083","0.8972","120.26K","0.86%"
"03/27/2020","0.8973","0.9066","0.9130","0.8971","137.10K","-1.01%"
"03/26/2020","0.9065","0.9190","0.9200","0.9042","135.71K","-1.34%"
"03/25/2020","0.9188","0.9269","0.9294","0.9179","141.89K","-0.85%"
"03/24/2020","0.9267","0.9323","0.9327","0.9183","140.57K","-0.61%"
"03/23/2020","0.9324","0.9349","0.9402","0.9235","142.13K","-0.27%"
"03/20/2020","0.9349","0.9353","0.9401","0.9232","157.42K","-0.02%"
"03/19/2020","0.9351","0.9161","0.9385","0.9105","154.12K","2.09%"
"03/18/2020","0.9160","0.9093","0.9258","0.9054","142.40K","0.74%"
"03/17/2020","0.9093","0.8942","0.9129","0.8936","135.65K","1.70%"
"03/16/2020","0.8941","0.9021","0.9054","0.8899","140.34K","-0.69%"
"03/13/2020","0.9003","0.8941","0.9046","0.8910","150.52K","0.72%"
"03/12/2020","0.8939","0.8874","0.9046","0.8823","141.45K","0.76%"
"03/11/2020","0.8872","0.8865","0.8884","0.8797","136.10K","0.09%"
"03/10/2020","0.8864","0.8737","0.8870","0.8727","130.04K","1.50%"
"03/09/2020","0.8733","0.8856","0.8863","0.8701","140.68K","-1.43%"
"03/06/2020","0.8860","0.8896","0.8920","0.8806","120.58K","-0.39%"
"03/05/2020","0.8895","0.8979","0.8993","0.8892","95.96K","-0.92%"
"03/04/2020","0.8978","0.8951","0.9014","0.8939","99.17K","0.32%"
"03/03/2020","0.8949","0.8982","0.9013","0.8918","111.39K","-0.35%"
"03/02/2020","0.8980","0.9089","0.9089","0.8939","112.46K","-0.97%"
"02/28/2020","0.9068","0.9090","0.9132","0.9046","103.28K","-0.23%"
"02/27/2020","0.9089","0.9187","0.9193","0.9086","96.55K","-1.09%"
"02/26/2020","0.9189","0.9190","0.9212","0.9166","96.52K","0.00%"
"02/25/2020","0.9189","0.9213","0.9234","0.9182","95.39K","-0.24%"
"02/24/2020","0.9211","0.9225","0.9255","0.9197","80.31K","-0.09%"
"02/21/2020","0.9219","0.9272","0.9273","0.9204","72.95K","-0.56%"
"02/20/2020","0.9271","0.9254","0.9280","0.9241","79.09K","0.21%"
"02/19/2020","0.9252","0.9266","0.9275","0.9248","78.97K","-0.14%"
"02/18/2020","0.9265","0.9226","0.9272","0.9226","79.01K","0.40%"
"02/17/2020","0.9228","0.9232","0.9241","0.9215","57.61K","-0.02%"
"02/14/2020","0.9230","0.9225","0.9236","0.9207","71.96K","0.08%"
"02/13/2020","0.9223","0.9197","0.9230","0.9183","74.39K","0.30%"
"02/12/2020","0.9195","0.9161","0.9204","0.9152","71.52K","0.39%"
"02/11/2020","0.9159","0.9165","0.9183","0.9153","73.61K","-0.05%"
"02/10/2020","0.9164","0.9132","0.9168","0.9125","75.92K","0.32%"
"02/07/2020","0.9135","0.9105","0.9140","0.9103","69.26K","0.31%"
"02/06/2020","0.9107","0.9092","0.9121","0.9079","72.55K","0.19%"
"02/05/2020","0.9090","0.9054","0.9097","0.9051","71.87K","0.40%"
"02/04/2020","0.9054","0.9042","0.9064","0.9038","71.23K","0.15%"
"02/03/2020","0.9040","0.9015","0.9061","0.9012","63.80K","0.30%"
"01/31/2020","0.9013","0.9064","0.9078","0.9011","69.73K","-0.55%"
"01/30/2020","0.9063","0.9082","0.9086","0.9058","71.94K","-0.19%"
"01/29/2020","0.9080","0.9073","0.9098","0.9068","66.91K","0.10%"
"01/28/2020","0.9071","0.9075","0.9093","0.9069","63.23K","-0.03%"
"01/27/2020","0.9074","0.9074","0.9083","0.9058","66.69K","0.06%"
"01/24/2020","0.9069","0.9046","0.9075","0.9039","56.27K","0.27%"
"01/23/2020","0.9045","0.9015","0.9061","0.9002","51.04K","0.36%"
"01/22/2020","0.9013","0.9022","0.9034","0.9010","61.01K","-0.08%"
"01/21/2020","0.9020","0.9013","0.9025","0.8993","59.80K","0.09%"
"01/20/2020","0.9012","0.9015","0.9028","0.9006","48.78K","-0.04%"
"01/17/2020","0.9016","0.8979","0.9021","0.8974","51.68K","0.43%"
"01/16/2020","0.8977","0.8967","0.8987","0.8950","63.96K","0.12%"
"01/15/2020","0.8966","0.8985","0.8995","0.8957","73.34K","-0.20%"
"01/14/2020","0.8984","0.8981","0.9006","0.8972","75.22K","0.06%"
"01/13/2020","0.8979","0.8989","0.8999","0.8971","64.89K","-0.12%"
"01/10/2020","0.8990","0.9004","0.9021","0.8985","63.10K","-0.14%"
"01/09/2020","0.9003","0.9005","0.9015","0.8992","71.07K","0.00%"
"01/08/2020","0.9003","0.8967","0.9008","0.8953","87.76K","0.44%"
"01/07/2020","0.8964","0.8932","0.8982","0.8930","69.97K","0.39%"
"01/06/2020","0.8929","0.8954","0.8964","0.8923","58.88K","-0.32%"
"01/03/2020","0.8958","0.8951","0.8989","0.8944","56.62K","0.10%"
"01/02/2020","0.8949","0.8919","0.8958","0.8907","43.89K","0.36%"
"01/01/2020","0.8917","0.8918","0.8924","0.8910","0.78K","0.00%"
"12/31/2019","0.8917","0.8931","0.8931","0.8897","43.32K","-0.12%"